new_order_idx,sorted_idx,Location_idx,Location,Copyright,Date,Latitude,Longitude,PanoID,Status,Google Location,dist_to_start_point,points,SWEREF_Points
1832,316,149178,"59.328463928301886, 18.06970203544776",© Google,2023-03,59.32846739822895,18.06974195341465,x4IWWGUxQ-kwE6PkewKSgA,OK,"59.32846739822895, 18.06974195341465",394.04508035188,POINT (18.06974195341465 59.32846739822895),POINT (674641.0757363897 6580653.351461683)
1833,408,164069,"59.322629135849056, 18.075331826492537",© Google,2014-06,59.32264069927707,18.07543369176398,mVYDKqiFCu0hvcfzaJDYHw,OK,"59.32264069927707, 18.07543369176398",430.2695990248372,POINT (18.07543369176398 59.32264069927707),POINT (674994.6984599269 6580019.903876624)
1834,756,136481,"59.32927182264151, 18.06477596828358",© Google,2023-03,59.32927978473938,18.06485166253768,Dax3X5wp5ifiusypmapOwA,OK,"59.32927978473938, 18.06485166253768",547.6531048758194,POINT (18.06485166253768 59.32927978473938),POINT (674358.8257746515 6580730.936842129)
1835,933,146498,"59.33016948301887, 18.068646449626865",© Google,2011-07,59.33018555676954,18.06858191391392,kmLHOePWt-EhouGwaLwW_g,OK,"59.33018555676954, 18.06858191391392",586.4890186906387,POINT (18.06858191391392 59.33018555676954),POINT (674566.2941906763 6580841.505349161)
1836,1182,136455,"59.319846388679245, 18.06477596828358",© Google,2022-09,59.31981407614188,18.06486945379215,qEoEJUAHB4OT9yvVuP_TTg,OK,"59.31981407614188, 18.06486945379215",625.1159389595078,POINT (18.06486945379215 59.31981407614188),POINT (674408.3448533476 6579677.641633991)
1837,1607,126242,"59.3204747509434, 18.06072955597015",© Google,2012-07,59.32069913685392,18.06086506754735,xCpb5vherHbOJlMwKxPnSg,OK,"59.32069913685392, 18.06086506754735",675.5928002964137,POINT (18.06086506754735 59.32069913685392),POINT (674176.0473663432 6579765.649548945)
1838,1673,137812,"59.330618313207545, 18.06530376119403",© Google,2022-11,59.33070403156405,18.06527025604825,5Ww8YBYXOa39C9QQjTMSLA,OK,"59.33070403156405, 18.06527025604825",683.3788226013984,POINT (18.06527025604825 59.33070403156405),POINT (674375.3285948106 6580890.523020822)
1839,1809,135581,"59.31921802641509, 18.06442410634328",© Google,2023-03,59.31917145165767,18.06442826675779,MfZTaqMbBsGNMf0rMSkRhQ,OK,"59.31917145165767, 18.06442826675779",700.749693095298,POINT (18.06442826675779 59.31917145165767),POINT (674386.5428153638 6579604.975072346)
1840,1969,148302,"59.3312466754717, 18.069350173507463",© Google,2017-06,59.33136396115619,18.06938619856884,jEugBF1y3lNf_e15T7bcxg,OK,"59.33136396115619, 18.06938619856884",716.1114644156801,POINT (18.06938619856884 59.33136396115619),POINT (674605.979461744 6580974.746753654)
1841,2003,156021,"59.31858966415094, 18.072341",© Google,2023-03,59.31865916587856,18.07229820834471,m6sjcJireawKKp7lRcpYKw,OK,"59.31865916587856, 18.07229820834471",719.011833061583,POINT (18.07229820834471 59.31865916587856),POINT (674836.8211399302 6579568.605223174)
1842,2288,170412,"59.33007971698113, 18.077794860074626",© Google,2022-08,59.32990227819956,18.07833123525406,O98qkpOpsZylbWn_MyR_5w,OK,"59.32990227819956, 18.07833123525406",753.1424630445756,POINT (18.07833123525406 59.32990227819956),POINT (675122.1185219266 6580835.584603447)
1843,2655,129910,"59.31885896226415, 18.062137003731344",© Google,2023-03,59.31882744677161,18.06221600251095,bgHMCQRM-WDWBDy6Tg0JuA,OK,"59.31882744677161, 18.06221600251095",792.6389785324643,POINT (18.06221600251095 59.31882744677161),POINT (674262.4688828635 6579560.902691618)
1844,3012,162165,"59.33205456981132, 18.07462810261194",© Google,2011-07,59.33197606747754,18.07475529087838,F75d7eOtytDo_Vbf64Sbng,OK,"59.33197606747754, 18.07475529087838",842.3904571772891,POINT (18.07475529087838 59.33197606747754),POINT (674908.1194301284 6581056.954404503)
1845,3189,159239,"59.317512471698116, 18.073572516791046",© Google,2023-03,59.31749098403859,18.07367708376154,3FP6LGvfMjabS403rK6hrw,OK,"59.31749098403859, 18.07367708376154",865.0875822870706,POINT (18.07367708376154 59.31749098403859),POINT (674921.2565999185 6579442.232079051)
1846,3272,165099,"59.33205456981132, 18.075683688432836",© Google,2023-03,59.33197052120937,18.07609828492559,faCjQIosHc70kKiZk7tb7g,OK,"59.33197052120937, 18.07609828492559",872.6406264955841,POINT (18.07609828492559 59.33197052120937),POINT (674984.5092346531 6581059.866137504)
1847,3507,129080,"59.33205456981132, 18.061785141791045",© Google,2016-05,59.33205503582632,18.06175929609164,gzCxJ20AAhlggyYn1dnwcA,OK,"59.33205503582632, 18.06175929609164",903.3191784922312,POINT (18.06175929609164 59.33205503582632),POINT (674168.7737002308 6581031.67273386)
1848,4027,167313,"59.31715340754717, 18.07656334328358",© Google,2022-08,59.31712947306185,18.07661394824039,pBtzm0OBJG72p9MeiS-fDg,OK,"59.31712947306185, 18.07661394824039",962.8411533032144,POINT (18.07661394824039 59.31712947306185),POINT (675090.1744567056 6579409.721943861)
1849,4433,129886,"59.31670457735849, 18.062137003731344",© Google,2022-09,59.3167332052704,18.06220043530515,NUsLkxC0gURtKU6kIe1XUg,OK,"59.3167332052704, 18.06220043530515",1000.4713323699748,POINT (18.06220043530515 59.3167332052704),POINT (674272.3053135532 6579327.815152236)
1850,4549,120538,"59.31769200377359, 18.05861838432836",© Google,2020-07,59.31765469300023,18.0587153124659,NJogQpRmWOJAivvzRwX_MQ,OK,"59.31765469300023, 18.0587153124659",1012.3906314741232,POINT (18.0587153124659 59.31765469300023),POINT (674069.3422178968 6579421.242553402)
1851,4706,107290,"59.3204747509434, 18.05351638619403",© Google,2022-08,59.32044491048328,18.05360234974173,zsIa9lpk88Wo3VZpD8yFLw,OK,"59.32044491048328, 18.05360234974173",1027.0087342782665,POINT (18.05360234974173 59.32044491048328),POINT (673764.2541732584 6579718.384165427)
1852,4927,115863,"59.317512471698116, 18.056859074626864",© Google,2014-06,59.3178144175177,18.05732287597736,Rya46SVNFYCj6qrDAJFGpg,OK,"59.3178144175177, 18.05732287597736",1048.2057510446396,POINT (18.05732287597736 59.3178144175177),POINT (673989.319275166 6579435.377598803)
1853,5068,131209,"59.31607621509434, 18.06266479664179",© Google,2022-09,59.31603370760584,18.06277037322992,WyJ9nbpB11xb-l3Onc9v6A,OK,"59.31603370760584, 18.06277037322992",1060.2070807390853,POINT (18.06277037322992 59.31603370760584),POINT (674308.3079677285 6579251.466941041)
1854,5084,124890,"59.33331129433962, 18.060201763059702",© Google,2017-07,59.33327664449136,18.06033625367094,ZnBsZWY9SbBOsUFEgDvWFA,OK,"59.33327664449136, 18.06033625367094",1061.593329690602,POINT (18.06033625367094 59.33327664449136),POINT (674081.6091712867 6581163.891694655)
1855,5376,114557,"59.33205456981132, 18.056331281716417",© Google,2022-09,59.3320471277516,18.0563165961512,uP3IkdwAuJKlmCEKBj16LQ,OK,"59.3320471277516, 18.0563165961512",1085.6078903867913,POINT (18.0563165961512 59.3320471277516),POINT (673859.3461714924 6581016.567487224)
1856,5483,103064,"59.32020545283019, 18.051757076492535",© Google,2022-08,59.32054522816828,18.05214028742256,rYimvBZbwAmOwo4QeDJnpw,OK,"59.32054522816828, 18.05214028742256",1095.419995936785,POINT (18.05214028742256 59.32054522816828),POINT (673680.5818262545 6579725.733117241)
1857,5539,202927,"59.325411883018866, 18.08870258022388",© Google,2023-03,59.3254369688937,18.08869727224423,zWV5U2iTHSqJwjI8xEknag,OK,"59.3254369688937, 18.08869727224423",1102.5998629693856,POINT (18.08869727224423 59.3254369688937),POINT (675734.6160677564 6580366.002270208)
1858,5833,135241,"59.3347475509434, 18.064248175373134",© Google,2022-11,59.33477656775718,18.06423159894341,TFqlXHwf0CIeQR-_38YnJA,OK,"59.33477656775718, 18.06423159894341",1134.4122683084147,POINT (18.06423159894341 59.33477656775718),POINT (674295.4017970094 6581340.994605664)
1859,6067,154128,"59.31463995849057, 18.071637276119404",© Google,2017-06,59.31466393194504,18.07161503604477,zZHPd1_ua2cZrPiTmZEpAg,OK,"59.31466393194504, 18.07161503604477",1151.4974365414123,POINT (18.07161503604477 59.31466393194504),POINT (674818.4785049948 6579122.224710547)
1860,6113,124294,"59.3157171509434, 18.06002583208955",© Google,2022-09,59.31570508495309,18.06011814568441,AvP-YYmw7BX2xeviCiHd2g,OK,"59.31570508495309, 18.06011814568441",1155.0091305932244,POINT (18.06011814568441 59.31570508495309),POINT (674159.1145982902 6579207.9583168775)
1861,6304,148351,"59.33564521132075, 18.069350173507463",© Google,2023-03,59.33544147011605,18.0694782201484,U0SpRV7xUhPEuDNyjH2KuQ,OK,"59.33544147011605, 18.0694782201484",1170.3683228801417,POINT (18.0694782201484 59.33544147011605),POINT (674590.2830893871 6581428.731816817)
1862,6322,98637,"59.328733226415096, 18.049645904850745",© Google,2023-03,59.3287172529342,18.05015046949435,Aq9p5DXtJhkQtmG1MNXG7g,OK,"59.3287172529342, 18.05015046949435",1171.6757847676513,POINT (18.05015046949435 59.3287172529342),POINT (673525.7268396558 6580629.931714881)
1863,6484,95990,"59.32729696981132, 18.0484143880597",© Google,2022-06,59.32720580440681,18.0489758639274,Q_jIVpKaZ6FSEgbZ8n1SLw,OK,"59.32720580440681, 18.0489758639274",1187.4617824011418,POINT (18.0489758639274 59.32720580440681),POINT (673466.6383487739 6580458.676150696)
1864,6608,183666,"59.33304199622641, 18.082720927238807",© Google,2023-03,59.33323873121383,18.0827955276519,Z6uEfMtxJhG-YCciLXEL8g,OK,"59.33323873121383, 18.0827955276519",1200.3851728122102,POINT (18.0827955276519 59.33323873121383),POINT (675358.7694425164 6581218.612257018)
1865,6814,124763,"59.31517855471698, 18.060201763059702",© Google,2023-03,59.31499775358049,18.06036727247315,F3zTu7qvsmUWhxwTAgoTHw,OK,"59.31499775358049, 18.06036727247315",1219.6695519439193,POINT (18.06036727247315 59.31499775358049),POINT (674176.9056440741 6579129.898157714)
1866,6967,141954,"59.33582474339622, 18.066887139925374",© Google,2023-03,59.33593790080213,18.06688221710523,WVj3Frblrs3R8krmRN0pPw,OK,"59.33593790080213, 18.06688221710523",1233.7085602795737,POINT (18.06688221710523 59.33593790080213),POINT (674440.1456188371 6581477.1696688095)
1867,7070,132502,"59.314460426415096, 18.063192589552237",© Google,2022-09,59.31421245533103,18.06345245713921,xvdBoLUmq2mtZZ4kDYPD4g,OK,"59.31421245533103, 18.06345245713921",1240.966795248005,POINT (18.06345245713921 59.31421245533103),POINT (674356.436813873 6579050.584143341)
1868,7139,148193,"59.313832064150944, 18.069350173507463",© Google,2022-06,59.31374388284794,18.06960803514873,4zS1clATfCGZ9k9OWx4NBA,OK,"59.31374388284794, 18.06960803514873",1246.8627580197085,POINT (18.06960803514873 59.31374388284794),POINT (674709.0257120114 6579014.575029588)
1869,7273,103120,"59.331785271698116, 18.051757076492535",© Google,2022-10,59.33181467678794,18.0518201455627,QgBET6mYRRg_8vQ9V6axVQ,OK,"59.33181467678794, 18.0518201455627",1258.4517154172786,POINT (18.0518201455627 59.33181467678794),POINT (673604.8668677317 6580978.967244386)
1870,7311,93772,"59.3277458, 18.047358802238804",© Google,2022-06,59.32771759707912,18.04789141891931,a4EIQYqbOMFh4bygaul06Q,OK,"59.32771759707912, 18.04789141891931",1260.6356322354304,POINT (18.04789141891931 59.32771759707912),POINT (673402.360262139 6580512.803993898)
1871,7385,108229,"59.33295223018868, 18.05386824813433",© Google,2023-04,59.33299663153849,18.05371784817954,odiIeT8qGX9XLu1y7jIVtg,OK,"59.33299663153849, 18.05371784817954",1264.4392592349193,POINT (18.05371784817954 59.33299663153849),POINT (673706.7344983774 6581115.445414982)
1872,7406,99026,"59.330438781132074, 18.049821835820897",© Google,2022-10,59.33049087781764,18.04996484347372,W_7I8Da88A-kAaC9FMo9aw,OK,"59.33049087781764, 18.04996484347372",1265.499333604747,POINT (18.04996484347372 59.33049087781764),POINT (673506.1259346062 6580826.817932554)
1873,7430,109910,"59.31643527924528, 18.054571972014926",© Google,2017-07,59.31643168136261,18.05457714598194,8P8sfkpYRui7m9RLFrEh3g,OK,"59.31643168136261, 18.05457714598194",1267.104827390006,POINT (18.05457714598194 59.31643168136261),POINT (673840.194973701 6579274.335430208)
1874,7434,193772,"59.31715340754717, 18.085887684701493",© Google,2023-03,59.31735088871073,18.08594328873275,nqpbSYct8RXHZOVYUu8obg,OK,"59.31735088871073, 18.08594328873275",1267.2981810116553,POINT (18.08594328873275 59.31735088871073),POINT (675619.7192168061 6579458.928631614)
1875,7685,133100,"59.33618380754717, 18.06336852052239",© Google,2022-06,59.33609842238868,18.06348338549355,vBp3MJB7IU9-VlxdHn6O7g,OK,"59.33609842238868, 18.06348338549355",1287.6709666357622,POINT (18.06348338549355 59.33609842238868),POINT (674246.0908223449 6581486.1320049185)
1876,7694,155502,"59.313473, 18.07216506902985",© Google,2023-03,59.3134627160164,18.0721676390592,xOfi8CSw_IlcQlOsBYXsOw,OK,"59.3134627160164, 18.0721676390592",1288.095282494222,POINT (18.0721676390592 59.3134627160164),POINT (674856.0846728547 6578990.005136679)
1877,7935,170328,"59.314101362264154, 18.077794860074626",© Google,2022-05,59.31404031291562,18.07788073835634,WOuU6DNpXGNMWCgoGS2L8A,OK,"59.31404031291562, 18.07788073835634",1307.2386520679445,POINT (18.07788073835634 59.31404031291562),POINT (675178.1305344327 6579069.294884032)
1878,7948,147470,"59.336812169811324, 18.068998311567164",© Google,2023-03,59.33668089851803,18.06910517745704,hppPgOnBTAjJ8SBKHdV5sg,OK,"59.33668089851803, 18.06910517745704",1308.4983542701857,POINT (18.06910517745704 59.33668089851803),POINT (674562.7133165103 6581565.676823219)
1879,7949,104648,"59.317063641509435, 18.052460800373133",© Google,2014-06,59.31688599916728,18.05261815765475,e6hiSwW0Ne7Bs20kd7QAyg,OK,"59.31688599916728, 18.05261815765475",1308.5774643310697,POINT (18.05261815765475 59.31688599916728),POINT (673726.438188881 6579319.779547154)
1880,8059,119559,"59.314460426415096, 18.05826652238806",© Google,2022-09,59.31455012274863,18.05828947297074,jBESrc3wqwniIe94HQaQJQ,OK,"59.31455012274863, 18.05828947297074",1317.4214385271694,POINT (18.05828947297074 59.31455012274863),POINT (674060.9929472299 6579074.652919846)
1881,8158,125867,"59.3360042754717, 18.060553625",© Google,2022-10,59.33596590734896,18.06062369415671,8isf5gVzl5qWsA9Q3Fc2ng,OK,"59.33596590734896, 18.06062369415671",1325.488675895603,POINT (18.06062369415671 59.33596590734896),POINT (674084.1886455173 6581463.904730293)
1882,8186,119717,"59.33519638113208, 18.05826652238806",© Google,2022-10,59.33543160478511,18.05829793652342,C9ujx-S5ozZAW3B67O4GMw,OK,"59.33543160478511, 18.05829793652342",1327.902439318009,POINT (18.05829793652342 59.33543160478511),POINT (673954.6955075003 6581398.3683496835)
1883,8187,130297,"59.313562766037734, 18.06231293470149",© Google,2011-05,59.31356608995707,18.06234670383229,0muqAjx54hB2ypZUxCVP7w,OK,"59.31356608995707, 18.06234670383229",1327.9721319835908,POINT (18.06234670383229 59.31356608995707),POINT (674296.8408198246 6578975.7620913)
1884,8483,192586,"59.3159864490566, 18.085535822761194",© Google,2023-03,59.31606848256683,18.08553342404301,Og2Oa7XJoMYpsDVth4y6-w,OK,"59.31606848256683, 18.08553342404301",1350.6918350193002,POINT (18.08553342404301 59.31606848256683),POINT (675603.020338391 6579315.143336796)
1885,8893,172546,"59.313832064150944, 18.078674514925375",© Google,2023-03,59.31356056760001,18.07890093000081,3rRngeLVsf9r3XvnQa40CA,OK,"59.31356056760001, 18.07890093000081",1378.8566143670694,POINT (18.07890093000081 59.31356056760001),POINT (675238.6375849781 6579018.593548359)
1886,8996,109449,"59.31535808679245, 18.054396041044775",© Google,2022-09,59.31502063018961,18.05461755641906,n8KnFmeJxsU8IYdZ8fCyjw,OK,"59.31502063018961, 18.05461755641906",1387.1769512381316,POINT (18.05461755641906 59.31502063018961),POINT (673849.6998647475 6579117.418920497)
1887,9059,201812,"59.317063641509435, 18.088350718283582",© Google,2022-06,59.31703471159802,18.08829310257438,tBXUye5EW8zuUuegHpFLHw,OK,"59.31703471159802, 18.08829310257438",1391.9280098927416,POINT (18.08829310257438 59.31703471159802),POINT (675755.0165573462 6579429.944618602)
1888,9116,155209,"59.33735076603774, 18.071989138059703",© Google,2023-03,59.33739208790925,18.07207437419566,C5FNpoaaN41cK9gZ-ld8MQ,OK,"59.33739208790925, 18.07207437419566",1396.2530888077276,POINT (18.07207437419566 59.33739208790925),POINT (674727.8622513383 6581652.606694306)
1889,9324,215265,"59.328553694339625, 18.092748992537313",© Google,2011-09,59.32869937639123,18.09304014201102,XES2ocXFPXNdeUwKInI3mw,OK,"59.32869937639123, 18.09304014201102",1412.052654626914,POINT (18.09304014201102 59.32869937639123),POINT (675964.7204840793 6580740.507990398)
1890,9374,98199,"59.317243173584906, 18.049469973880598",© Google,2023-03,59.31725074776158,18.04954721332353,WKN_PUuxTVPUgpOVS77KLw,OK,"59.31725074776158, 18.04954721332353",1415.978339139162,POINT (18.04954721332353 59.31725074776158),POINT (673549.8883120031 6579352.361168324)
1891,9547,87359,"59.32729696981132, 18.044192044776118",© Google,2022-06,59.32725929913515,18.04467240055948,Y2rQdR6ErkywMkhI8z5wxg,OK,"59.32725929913515, 18.04467240055948",1428.8618695945083,POINT (18.04467240055948 59.32725929913515),POINT (673221.6379791194 6580453.425298616)
1892,9657,184093,"59.314191128301886, 18.082896858208954",© Google,2022-05,59.31410004379873,18.08304391775084,7ju53vJNfxIhO6gVXsxMPg,OK,"59.31410004379873, 18.08304391775084",1436.8886929877929,POINT (18.08304391775084 59.31410004379873),POINT (675471.5500439554 6579089.535559382)
1893,9672,167264,"59.31275487169811, 18.07656334328358",© Google,2023-03,59.31259059826024,18.07671123487635,Txf_gEOKh-6fnSg2xPU97Q,OK,"59.31259059826024, 18.07671123487635",1437.6305491773269,POINT (18.07671123487635 59.31259059826024),POINT (675119.0556843422 6578904.896075497)
1894,9796,114601,"59.3360042754717, 18.056331281716417",© Google,2022-09,59.33606861705584,18.05630624869272,0an0ZewMAMdzYJbCJivhiA,OK,"59.33606861705584, 18.05630624869272",1445.6404243595257,POINT (18.05630624869272 59.33606861705584),POINT (673838.205104653 6581464.053028079)
1895,9929,89813,"59.32963088679245, 18.045423561567162",© Google,2023-03,59.32964456818821,18.04550575738153,-LAfq994FjEw0ZJgjaa-zw,OK,"59.32964456818821, 18.04550575738153",1455.54098707419,POINT (18.04550575738153 59.32964456818821),POINT (673256.8823865094 6580721.028237014)
1896,10118,131372,"59.33762006415095, 18.06266479664179",© Google,2022-06,59.3377228980954,18.06307957295209,BgCDcwG34JsEbDrlViwoBA,OK,"59.3377228980954, 18.06307957295209",1468.6096214042834,POINT (18.06307957295209 59.3377228980954),POINT (674214.8122091586 6581665.846865206)
1897,10161,124934,"59.337261, 18.060201763059702",© Google,2023-03,59.33729881284088,18.06023743163053,Y7D2W-iXo3uDpRNQ0atRJw,OK,"59.33729881284088, 18.06023743163053",1471.8054224912437,POINT (18.06023743163053 59.33729881284088),POINT (674055.4075205233 6581611.220708758)
1898,10174,108540,"59.313742298113205, 18.054044179104476",© Google,2022-09,59.31415052676111,18.05440563119072,qvvyKfKESvZoqSzNrXoBTw,OK,"59.31415052676111, 18.05440563119072",1472.481148607353,POINT (18.05440563119072 59.31415052676111),POINT (673842.0870725943 6579020.040416511)
1899,10621,219075,"59.32972065283019, 18.093980509328357",© Google,2022-06,59.32973244971059,18.09407647116479,hXncOIgBbyk6XVig0sfeBg,OK,"59.32973244971059, 18.09407647116479",1505.378409934728,POINT (18.09407647116479 59.32973244971059),POINT (676018.3055406696 6580858.206032978)
1900,10762,110048,"59.336273573584904, 18.054571972014926",© Google,2023-03,59.33630524809276,18.05476718437912,H3kMENfDYwLvrsbAaKfmQQ,OK,"59.33630524809276, 18.05476718437912",1514.5229129750112,POINT (18.05476718437912 59.33630524809276),POINT (673749.496456163 6581486.367787666)
1901,10844,91265,"59.33196480377359, 18.04612728544776",© Google,2022-06,59.3319648595081,18.04647638797268,otSzfMndoomSGPcFxaCAZw,OK,"59.3319648595081, 18.04647638797268",1519.699114257828,POINT (18.04647638797268 59.3319648595081),POINT (673300.25616562 6580981.758171726)
1902,11007,175206,"59.3122162754717, 18.079730100746268",© Google,2023-03,59.31227341046932,18.07977087536333,20OriADPcHG6lW2VC9TvJA,OK,"59.31227341046932, 18.07977087536333",1530.2067723480632,POINT (18.07977087536333 59.31227341046932),POINT (675294.7558763501 6578877.649775221)
1903,11338,206714,"59.33402942264151, 18.089934097014925",© Google,2022-06,59.33407054336252,18.08996879074518,QmhVWLksbzFm1qtRMyzixA,OK,"59.33407054336252, 18.08996879074518",1553.2196338608044,POINT (18.08996879074518 59.33407054336252),POINT (675762.3187270708 6581330.09070761)
1904,11376,192692,"59.33582474339622, 18.085535822761194",© Google,2022-05,59.33611601962626,18.08571913613678,OKr9HHMMQsM0-CJBYw0Mcg,OK,"59.33611601962626, 18.08571913613678",1555.2875580807165,POINT (18.08571913613678 59.33611601962626),POINT (675510.149297401 6581546.497681416)
1905,11521,169176,"59.33842795849057, 18.07726706716418",© Google,2023-03,59.33828435671147,18.07784021854194,19i4BUi3uSdprRnLrDqKRQ,OK,"59.33828435671147, 18.07784021854194",1563.5139895132131,POINT (18.07784021854194 59.33828435671147),POINT (675051.0576530213 6581767.044459974)
1906,11589,194901,"59.313562766037734, 18.086239546641792",© Google,2022-05,59.31378783867378,18.08618183000192,m0Lp9ypulbpd4_-q-AeLqA,OK,"59.31378783867378, 18.08618183000192",1568.5353668218258,POINT (18.08618183000192 59.31378783867378),POINT (675651.6725045702 6579063.066615237)
1907,11680,186250,"59.31275487169811, 18.083600582089552",© Google,2023-03,59.31280980877838,18.083538877509,iG-6Ut5grk5vNdGIxelhBQ,OK,"59.31280980877838, 18.083538877509",1573.8692506765833,POINT (18.083538877509 59.31280980877838),POINT (675506.3590407106 6578947.264248113)
1908,12061,111416,"59.33753029811321, 18.055099764925373",© Google,2023-03,59.33735836575146,18.05530372443291,wb6RFKFznxYEh_1msEDJrA,OK,"59.33735836575146, 18.05530372443291",1598.4106957201552,POINT (18.05530372443291 59.33735836575146),POINT (673774.619389036 6581604.959502641)
1909,12102,169855,"59.311228849056604, 18.077618929104478",© Google,2023-03,59.31127162824989,18.07805830440303,LKcFGRxWD-8-YMaEUFw7Hg,OK,"59.31127162824989, 18.07805830440303",1600.8335927232615,POINT (18.07805830440303 59.31127162824989),POINT (675202.4796257238 6578761.665671777)
1910,12103,88450,"59.33196480377359, 18.044719837686568",© Google,2023-03,59.33194439772214,18.04480225828797,ShDilkBUywPk4qVnoPbpLA,OK,"59.33194439772214, 18.04480225828797",1601.017028493204,POINT (18.04480225828797 59.33194439772214),POINT (673205.1697299725 6580975.124769667)
1911,12402,108527,"59.31257533962264, 18.054044179104476",© Google,2022-08,59.31265750335567,18.05411338794845,C1Y480fmogyflHmkSlYdHg,OK,"59.31265750335567, 18.05411338794845",1619.9304016511046,POINT (18.05411338794845 59.31265750335567),POINT (673833.0848497002 6578853.133648718)
1912,12552,82905,"59.32918205660378, 18.04190494216418",© Google,2023-03,59.32917198219171,18.04195396740423,h5Auhf5DyygUhJAr3eriPA,OK,"59.32917198219171, 18.04195396740423",1629.7609917618304,POINT (18.04195396740423 59.32917198219171),POINT (673057.3182882611 6580659.2013828885)
1913,12640,118585,"59.31149814716981, 18.05791466044776",© Google,2022-08,59.31145118258725,18.05803242683285,JRpZIeG_zgfpwXJUEJKU6g,OK,"59.31145118258725, 18.05803242683285",1634.7166283822469,POINT (18.05803242683285 59.31145118258725),POINT (674062.2132411115 6578729.131125055)
1914,12690,116473,"59.33824842641509, 18.057035005597015",© Google,2023-03,59.3382278537139,18.05708117909523,AiiOKfztnTkhuXFbhcZtNg,OK,"59.3382278537139, 18.05708117909523",1637.303424980457,POINT (18.05708117909523 59.3382278537139),POINT (673871.223507716 6581706.357221268)
1915,12803,215312,"59.33358059245283, 18.092748992537313",© Google,2022-06,59.33357253778096,18.09275397931675,1fvbFxiysxHWCVfBggOWpw,OK,"59.33357253778096, 18.09275397931675",1643.1396523329136,POINT (18.09275397931675 59.33357253778096),POINT (675923.2463486443 6581282.029550557)
1916,12934,137466,"59.339594916981135, 18.06512783022388",© Google,2022-06,59.33961485390634,18.06530012684567,kzyoCMBWUtfjWFOsGYcU6A,OK,"59.33961485390634, 18.06530012684567",1651.4767463510186,POINT (18.06530012684567 59.33961485390634),POINT (674331.3517343448 6581882.196415184)
1917,12966,202873,"59.313742298113205, 18.08870258022388",© Google,2022-05,59.31393158840243,18.08883122831396,a7UMSk7OHNIOQl_MShHGlA,OK,"59.31393158840243, 18.08883122831396",1653.068003400128,POINT (18.08883122831396 59.31393158840243),POINT (675801.6520611983 6579086.054332432)
1918,12992,165647,"59.339146086792454, 18.075859619402983",© Google,2022-05,59.33937431682938,18.07614332388725,3aJi5Sty6JjP4wktDYVkNg,OK,"59.33937431682938, 18.07614332388725",1654.2265467370876,POINT (18.07614332388725 59.33937431682938),POINT (674948.9849874516 6581883.87396104)
1919,13094,199118,"59.336453105660375, 18.087471063432837",© Google,2023-03,59.33635966481061,18.08811765084533,qW8nrj2W5u2pTAqa3k3hcQ,OK,"59.33635966481061, 18.08811765084533",1661.4015529326737,POINT (18.08811765084533 59.33635966481061),POINT (675645.2508849688 6581579.935729616)
1920,13241,150661,"59.339953981132076, 18.070229828358208",© Google,2012-07,59.33992734644005,18.07036645723556,7iEb_enD3RriETMEF_ncFQ,OK,"59.33992734644005, 18.07036645723556",1671.069774512869,POINT (18.07036645723556 59.33992734644005),POINT (674617.7498526659 6581930.24820073)
1921,13546,129815,"59.31033118867924, 18.062137003731344",© Google,2022-07,59.31018746609364,18.06226577914745,FMjFnJzbZB_9CJft5amEMA,OK,"59.31018746609364, 18.06226577914745",1691.8404051070293,POINT (18.06226577914745 59.31018746609364),POINT (674309.533887472 6578599.577912465)
1922,14051,153608,"59.30952329433962, 18.071461345149253",© Google,2022-07,59.30950519590492,18.07165743360531,ZqnYoercldaKWj2L4g69VQ,OK,"59.30950519590492, 18.07165743360531",1723.963328707939,POINT (18.07165743360531 59.30950519590492),POINT (674847.3816937926 6578548.275638228)
1923,14124,92587,"59.314460426415096, 18.046831009328358",© Google,2022-09,59.31456735657139,18.04675402654156,7ASJQ30mxKkEi69ToIQ7iw,OK,"59.31456735657139, 18.04675402654156",1729.2690264377334,POINT (18.04675402654156 59.31456735657139),POINT (673404.6683888702 6579046.475473657)
1924,14225,83881,"59.31760223773585, 18.042432735074627",© Google,2023-03,59.31758386379618,18.04246838814957,Z9M8tLzhgAJgdGpHJHjkQQ,OK,"59.31758386379618, 18.04246838814957",1736.221743517257,POINT (18.04246838814957 59.31758386379618),POINT (673145.5193651888 6579371.002764417)
1925,14398,218567,"59.33402942264151, 18.09380457835821",© Google,2022-06,59.33392405908405,18.09448948280688,fYMKupznj2ja001pZ8CXYg,OK,"59.33392405908405, 18.09448948280688",1746.345134195413,POINT (18.09448948280688 59.33392405908405),POINT (676020.1008870658 6581325.733424498)
1926,14534,88822,"59.334388486792456, 18.044895768656716",© Google,2022-06,59.33453297587272,18.04494404966237,FsE614mV5_10Ui6w1-Wwpw,OK,"59.33453297587272, 18.04494404966237",1753.3020479040488,POINT (18.04494404966237 59.33453297587272),POINT (673200.0517772917 6581263.552849964)
1927,14910,163249,"59.34049257735849, 18.074979964552238",© Google,2022-06,59.34061892740257,18.07510461050036,C4JsNei0dAnhalRmxzxfFA,OK,"59.34061892740257, 18.07510461050036",1777.5050013371736,POINT (18.07510461050036 59.34061892740257),POINT (674883.5372612157 6582019.644363754)
1928,14924,134877,"59.3407618754717, 18.064072244402986",© Google,2022-06,59.34067884009865,18.06418579538355,01aNOZvaE_9Qcm5xEw_pFA,OK,"59.34067884009865, 18.06418579538355",1778.3081678333626,POINT (18.06418579538355 59.34067884009865),POINT (674262.5538054917 6581997.679316099)
1929,14942,196229,"59.33815866037736, 18.08659140858209",© Google,2022-06,59.33824835739804,18.08662840339362,1_JfKdyDO-Md79f3VnW6WA,OK,"59.33824835739804, 18.08662840339362",1779.3566222900013,POINT (18.08662840339362 59.33824835739804),POINT (675550.8364359802 6581786.179126206)
1930,14994,75745,"59.32891275849057, 18.038386322761195",© Google,2017-06,59.32881079578314,18.03898277115181,5suvjknMfmv2fIpjqvTQtw,OK,"59.32881079578314, 18.03898277115181",1782.1693622240607,POINT (18.03898277115181 59.32881079578314),POINT (672890.1978646134 6580611.289277573)
1931,15195,147069,"59.34103117358491, 18.068822380597016",© Google,2022-06,59.34103043636864,18.06877591434167,uGVgUK9VcFxkZynQ8KXohw,OK,"59.34103043636864, 18.06877591434167",1793.2669288627862,POINT (18.06877591434167 59.34103043636864),POINT (674521.6731418081 6582048.82899151)
1932,15197,87631,"59.31499902264151, 18.04436797574627",© Google,2022-08,59.31517717104849,18.04430804796956,8yF9KNG3tYm6EY9fzbiRNQ,OK,"59.31517717104849, 18.04430804796956",1793.2938428419166,POINT (18.04430804796956 59.31517717104849),POINT (673262.4157086702 6579107.969258274)
1933,15347,151764,"59.308625633962265, 18.070757621268655",© Google,2020-07,59.30876484485454,18.07092072580364,bY4wCHvspbKyckfUFypk7g,OK,"59.30876484485454, 18.07092072580364",1803.651367530686,POINT (18.07092072580364 59.30876484485454),POINT (674809.2663059816 6578463.955881688)
1934,15804,104585,"59.31086978490566, 18.052460800373133",© Google,2022-08,59.31089758145726,18.05258159235901,L0CpQILXhkxqhov9oXmd7Q,OK,"59.31089758145726, 18.05258159235901",1832.487351748207,POINT (18.05258159235901 59.31089758145726),POINT (673754.9195544573 6578653.2915775)
1935,16360,145259,"59.341659535849054, 18.06811865671642",© Google,2023-04,59.34169291949657,18.06846174328667,qSvP0aS04teIStJLEpQbUg,OK,"59.34169291949657, 18.06846174328667",1867.4576860695772,POINT (18.06846174328667 59.34169291949657),POINT (674500.4148994398 6582121.726413696)
1936,16636,216824,"59.31311393584905, 18.09327678544776",© Google,2023-03,59.31330106333918,18.09342670215051,bE24C6Rhb0tQogR028SPGw,OK,"59.31330106333918, 18.09342670215051",1886.4476890402073,POINT (18.09342670215051 59.31330106333918),POINT (676066.3438025793 6579028.031797569)
1937,16687,134593,"59.308087037735845, 18.064072244402986",© Google,2011-06,59.30816814504195,18.06422798569671,yis0sxWEkqdLq5j_b4hy_Q,OK,"59.30816814504195, 18.06422798569671",1890.6028600316,POINT (18.06422798569671 59.30816814504195),POINT (674431.5193489098 6578380.006357753)
1938,17169,139732,"59.342108366037735, 18.066007485074625",© Google,2022-06,59.34212685290212,18.06608244487916,M2EQIVnX35GJXIKFdG2kWA,OK,"59.34212685290212, 18.06608244487916",1924.144494610739,POINT (18.06608244487916 59.34212685290212),POINT (674362.9436030388 6582163.780266152)
1939,17238,178096,"59.3407618754717, 18.080785686567165",© Google,2023-03,59.34116374801116,18.08116691017669,vfGjICtRvNGoTG84RITkPQ,OK,"59.34116374801116, 18.08116691017669",1928.7799061464673,POINT (18.08116691017669 59.34116374801116),POINT (675225.3380819019 6582096.212545316)
1940,17379,125632,"59.308176803773584, 18.060553625",© Google,2023-03,59.30814026789228,18.06064798826077,1cJYLeP-XWu3zCQj7qoySA,OK,"59.30814026789228, 18.06064798826077",1935.615505520598,POINT (18.06064798826077 59.30814026789228),POINT (674227.9632020916 6578367.532716267)
1941,17423,218599,"59.336901935849056, 18.09380457835821",© Google,2023-03,59.33700583939568,18.09387916674766,dmq9mbFU6gnzRFkkTVv49w,OK,"59.33700583939568, 18.09387916674766",1938.2265556992625,POINT (18.09387916674766 59.33700583939568),POINT (675969.4571296143 6581667.055707001)
1942,17598,180824,"59.3087154, 18.08184127238806",© Google,2023-03,59.3086761596102,18.08191341839963,jlXnYVA_hQvPluArIyX6KQ,OK,"59.3086761596102, 18.08191341839963",1947.390296435079,POINT (18.08191341839963 59.3086761596102),POINT (675435.1831122919 6578482.99413579)
1943,17639,168779,"59.34183906792453, 18.07709113619403",© Google,2022-06,59.34197875558173,18.07716216847544,SRUVUxhlgvEo1JNoXAX5Rg,OK,"59.34197875558173, 18.07716216847544",1949.9132953144383,POINT (18.07716216847544 59.34197875558173),POINT (674993.5004403181 6582176.3720556265)
1944,17657,77126,"59.31670457735849, 18.03909004664179",© Google,2023-03,59.3166224566224,18.03920783207301,tCEp9KizoWIggyNSMeq3qA,OK,"59.3166224566224, 18.03920783207301",1950.476014294638,POINT (18.03920783207301 59.3166224566224),POINT (672964.9312019013 6579255.54295106)
1945,17708,78685,"59.334119188679246, 18.039793770522387",© Google,2023-04,59.33415972838872,18.04018720595648,I976PFs1aMwoo-P7Hy3m9w,OK,"59.33415972838872, 18.04018720595648",1952.6399811803744,POINT (18.04018720595648 59.33415972838872),POINT (672931.4963522016 6581209.652367197)
1946,18099,211447,"59.311318615094336, 18.09151747574627",© Google,2011-05,59.31134660907686,18.09163390892946,Unm_h32j746K-R8RSRGtFA,OK,"59.31134660907686, 18.09163390892946",1975.131425308011,POINT (18.09163390892946 59.31134660907686),POINT (675974.4540780345 6578805.8047761)
1947,18157,213755,"59.3385177245283, 18.092221199626866",© Google,2022-06,59.33819548704755,18.09251236884046,7cZ7LaWjS3QiNhkg4smuhA,OK,"59.33819548704755, 18.09251236884046",1979.7625625034948,POINT (18.09251236884046 59.33819548704755),POINT (675885.6022644022 6581795.82607384)
1948,18203,122313,"59.3074586754717, 18.059322108208956",© Google,2023-03,59.30788540585088,18.05934379003201,lkksyy6LNrC1OjmCfI5cRQ,OK,"59.30788540585088, 18.05934379003201",1983.1363080087376,POINT (18.05934379003201 59.30788540585088),POINT (674155.0587688738 6578335.760389657)
1949,18550,74347,"59.33313176226415, 18.037682598880597",© Google,2017-07,59.33311204497367,18.03793022613296,UtbC43dQxUSIOG-JCLkLjQ,OK,"59.33311204497367, 18.03793022613296",2007.4420145536913,POINT (18.03793022613296 59.33311204497367),POINT (672808.4951156892 6581087.204745454)
1950,18830,171584,"59.3074586754717, 18.078322652985076",© Google,2022-05,59.30736523943816,18.07861808463384,1wlG1JNf0lNtEoHulTLYZA,OK,"59.30736523943816, 18.07861808463384",2027.1953210314812,POINT (18.07861808463384 59.30736523943816),POINT (675254.4325967922 6578328.43995307)
1951,18962,71342,"59.31769200377359, 18.0362751511194",© Google,2022-08,59.31745942166052,18.03672099474415,J1yAmvh2rvdU2Zo81YkyzA,OK,"59.31745942166052, 18.03672099474415",2036.2852217745217,POINT (18.03672099474415 59.31745942166052),POINT (672819.2165997988 6579342.224528241)
1952,18974,99841,"59.34049257735849, 18.050173697761192",© Google,2023-03,59.3404159107887,18.05029915976886,RyUhM_pcAZ0fKEC411Qd0Q,OK,"59.3404159107887, 18.05029915976886",2037.2617523231231,POINT (18.05029915976886 59.3404159107887),POINT (673474.5107844111 6581932.153040798)
1953,18988,137624,"59.30674054716981, 18.06530376119403",© Google,2023-03,59.30675776615389,18.06520337556362,7m2sA1Qn0AqNN36wji71ew,OK,"59.30675776615389, 18.06520337556362",2038.793477604956,POINT (18.06520337556362 59.30675776615389),POINT (674494.2451772571 6578225.615261803)
1954,19015,109370,"59.30826656981132, 18.054396041044775",© Google,2022-07,59.30828891167818,18.05442534426557,j_xSa98jQCX3edrIrc8Q8Q,OK,"59.30828891167818, 18.05442534426557",2040.0753931269744,POINT (18.05442534426557 59.30828891167818),POINT (673873.1400260786 6578367.81066175)
1955,19063,207116,"59.31006189056604, 18.090110027985073",© Google,2011-05,59.31013205225955,18.09052575999048,Z3_V5g9Q_KZ3-nRZxbTswA,OK,"59.31013205225955, 18.09052575999048",2042.7987911739872,POINT (18.09052575999048 59.31013205225955),POINT (675917.683326526 6578667.723143609)
1956,19141,101450,"59.309074464150946, 18.05105335261194",© Google,2017-07,59.30910583083561,18.05107126039203,lPY0qrkJyEGhpGz75_cR-g,OK,"59.30910583083561, 18.05107126039203",2047.9020624555967,POINT (18.05107126039203 59.30910583083561),POINT (673678.1285953362 6578449.965350931)
1957,19277,218617,"59.3385177245283, 18.09380457835821",© Google,2022-06,59.33848476288104,18.09390097913546,Bw4vQlswGj8LvO3jVLguKw,OK,"59.33848476288104, 18.09390097913546",2056.7719069689138,POINT (18.09390097913546 59.33848476288104),POINT (675963.045479039 6581831.685699139)
1958,19428,68864,"59.330887611320755, 18.035043634328357",© Google,2017-06,59.33102812752985,18.0350474126424,QbW4gozOSmccCLI6A69GPA,OK,"59.33102812752985, 18.0350474126424",2067.636084900543,POINT (18.0350474126424 59.33102812752985),POINT (672655.1598786269 6580847.824722888)
1959,19478,74367,"59.33492708301887, 18.037682598880597",© Google,2022-06,59.33438861561716,18.0380099004576,vmmcyl0l5Bvm2tXL31kXBQ,OK,"59.33438861561716, 18.0380099004576",2071.9040767407196,POINT (18.0380099004576 59.33438861561716),POINT (672806.5401407863 6581229.469873283)
1960,19522,89204,"59.33896655471698, 18.045071699626867",© Google,2022-06,59.3390608758088,18.04557527702424,41URTz80mSf0qzucDje7Cg,OK,"59.3390608758088, 18.04557527702424",2075.634408418265,POINT (18.04557527702424 59.3390608758088),POINT (673212.8802989883 6581769.06379685)
1961,19577,137509,"59.34345485660378, 18.06512783022388",© Google,2022-06,59.34349488582311,18.06533265358071,yWtFK2En9Smq-DvCE5TJGA,OK,"59.34349488582311, 18.06533265358071",2080.1448787064137,POINT (18.06533265358071 59.34349488582311),POINT (674313.3108411434 6582314.051341165)
1962,19616,168360,"59.3432753245283, 18.07691520522388",© Google,2023-03,59.3431845127721,18.07734173904297,8SmXT5c7-31J_H1PVYoe7Q,OK,"59.3431845127721, 18.07734173904297",2083.131486450996,POINT (18.07734173904297 59.3431845127721),POINT (674997.502346898 6582311.019981838)
1963,19906,118389,"59.342826494339626, 18.057738729477613",© Google,2022-06,59.34291732374076,18.05816185710321,HqfMqKMS7fXzwj9RLOXBgA,OK,"59.34291732374076, 18.05816185710321",2102.0405791937083,POINT (18.05816185710321 59.34291732374076),POINT (673908.6761739023 6582231.025682459)
1964,20052,95510,"59.30916423018868, 18.048238457089553",© Google,2022-07,59.30928711875607,18.04848263903819,UBBMT4hknocL8Mw7Dsw-5g,OK,"59.30928711875607, 18.04848263903819",2109.923516576774,POINT (18.04848263903819 59.30928711875607),POINT (673529.917588614 6578463.390971404)
1965,20128,179289,"59.30709961132075, 18.08131347947761",© Google,2022-11,59.30698392038362,18.08145217058246,3J6zbExodr8AvsWemAenoA,OK,"59.30698392038362, 18.08145217058246",2115.169336676214,POINT (18.08145217058246 59.30698392038362),POINT (675417.6564936966 6578293.468905553)
1966,20261,90057,"59.31024142264151, 18.045599492537313",© Google,2022-09,59.31027635598676,18.04550854532421,g6m1hlwgNnmntpqxloDPRw,OK,"59.31027635598676, 18.04550854532421",2123.8983306351815,POINT (18.04550854532421 59.31027635598676),POINT (673355.6620401047 6578565.72788689)
1967,20280,194515,"59.341928833962264, 18.08606361567164",© Google,2022-06,59.34198242977211,18.08613565197873,Bx8kqJLc2s1yXBLIt9E8sg,OK,"59.34198242977211, 18.08613565197873",2125.677882656777,POINT (18.08613565197873 59.34198242977211),POINT (675503.5530136209 6582200.403307094)
1968,20407,176746,"59.3432753245283, 18.080257893656718",© Google,2022-06,59.34321211368302,18.08052292653105,gy2YclExCGZhDwsNEc2Png,OK,"59.34321211368302, 18.08052292653105",2132.91949514617,POINT (18.08052292653105 59.34321211368302),POINT (675178.1792961801 6582322.458178802)
1969,20542,193666,"59.30763820754717, 18.085887684701493",© Google,2022-06,59.30769253815327,18.08594316109718,LXJ5L6eycdNrnYTA_HmtAA,OK,"59.30769253815327, 18.08594316109718",2140.606856710383,POINT (18.08594316109718 59.30769253815327),POINT (675669.5407920096 6578384.160964169)
1970,20560,73495,"59.31463995849057, 18.037330736940298",© Google,2022-08,59.31463253219476,18.03760428946521,rnfSyqhdzGk0pWRe-IvybQ,OK,"59.31463253219476, 18.03760428946521",2141.5157000125537,POINT (18.03760428946521 59.31463253219476),POINT (672883.8184401668 6579029.938139311)
1971,20641,68523,"59.33268293207547, 18.03486770335821",© Google,2012-07,59.33268052699452,18.03481444474323,k9QIBqfmPkhCOC15SrtJUg,OK,"59.33268052699452, 18.03481444474323",2147.2457127535295,POINT (18.03481444474323 59.33268052699452),POINT (672633.5276048516 6581031.10185496)
1972,20772,90762,"59.30961306037736, 18.045951354477612",© Google,2022-07,59.30967078122913,18.04612691674043,kcO3VCDdUq22r5wsmoWryQ,OK,"59.30967078122913, 18.04612691674043",2154.406520398691,POINT (18.04612691674043 59.30967078122913),POINT (673393.928757772 6578499.949093455)
1973,21088,160042,"59.305573588679245, 18.073924378731345",© Google,2011-05,59.30557552485476,18.07468551757648,YZAKwU0UYHHD_YRyF8DybA,OK,"59.30557552485476, 18.07468551757648",2177.995515696326,POINT (18.07468551757648 59.30557552485476),POINT (675039.8681640171 6578118.93984058)
1974,21164,116996,"59.34354462264151, 18.057210936567163",© Google,2022-06,59.34358287404621,18.05751403814577,eayA_PuR1Q6RytWDgPd-hg,OK,"59.34358287404621, 18.05751403814577",2183.906401251734,POINT (18.05751403814577 59.34358287404621),POINT (673868.4502996791 6582303.396212386)
1975,21225,102064,"59.342287898113206, 18.05122928358209",© Google,2023-03,59.34234923915707,18.05154675757797,GlZpTpqRHcCOjjIB2Z0K0A,OK,"59.34234923915707, 18.05154675757797",2188.7401782474776,POINT (18.05154675757797 59.34234923915707),POINT (673535.5650240456 6582150.546639061)
1976,21654,219186,"59.34040281132076, 18.093980509328357",© Google,2022-06,59.34041119376096,18.09398127191871,ZzSuT9zuZpvlRrPb8uZf-w,OK,"59.34041119376096, 18.09398127191871",2221.911213591277,POINT (18.09398127191871 59.34041119376096),POINT (675957.6424857548 6582046.268232044)
1977,21666,134489,"59.3445320490566, 18.063896313432835",© Google,2022-06,59.344713577494,18.0641644337264,jW82dGqCjg3VUUOTyrlW_Q,OK,"59.344713577494, 18.0641644337264",2222.9899348008407,POINT (18.0641644337264 59.344713577494),POINT (674240.6641698736 6582446.609060487)
1978,21702,80517,"59.33860749056604, 18.040673425373132",© Google,2012-07,59.33865872026406,18.04094250325255,MMTZpCcg1Cj6kV7d8xOOdw,OK,"59.33865872026406, 18.04094250325255",2225.4729240550655,POINT (18.04094250325255 59.33865872026406),POINT (672951.5616819118 6581712.267192077)
1979,21926,63531,"59.31715340754717, 18.032580600746268",© Google,2023-05,59.31722981249348,18.03293665581639,DCIOur_EEoPRNlyFAQ6dng,OK,"59.31722981249348, 18.03293665581639",2244.3179154669865,POINT (18.03293665581639 59.31722981249348),POINT (672605.1114127899 6579306.858035543)
1980,22230,81600,"59.339325618867925, 18.041201218283582",© Google,2012-07,59.33935984110633,18.041275098786,J6aEflrTZ8tG0eH_PAHvIQ,OK,"59.33935984110633, 18.041275098786",2266.43054068715,POINT (18.041275098786 59.33935984110633),POINT (672966.9035108482 6581791.152777817)
1981,22234,115613,"59.34408321886792, 18.056683143656716",© Google,2023-04,59.34421146906148,18.05661009043236,zrBCPIaBfmPH5srdLVLK1A,OK,"59.34421146906148, 18.05661009043236",2266.5551163134164,POINT (18.05661009043236 59.34421146906148),POINT (673813.856657435 6582370.9859813405)
1982,22385,73660,"59.33735076603774, 18.037330736940298",© Google,2023-03,59.33711615771411,18.03722274709853,OGm21cJ-GLsWD4NwifoMrA,OK,"59.33711615771411, 18.03722274709853",2277.433638229464,POINT (18.03722274709853 59.33711615771411),POINT (672747.9329489449 6581530.951408751)
1983,22563,218400,"59.30889493207547, 18.09380457835821",© Google,2011-05,59.30881772477371,18.09427425582769,hT9g4aO4Fxsa_aH7RBGeGw,OK,"59.30881772477371, 18.09427425582769",2288.6030382815507,POINT (18.09427425582769 59.30881772477371),POINT (676137.7532403449 6578531.375522683)
1984,22606,164764,"59.345160411320755, 18.075507757462688",© Google,2011-07,59.34525640016775,18.07562205645609,SFdD7Q088_likD6agYXdVA,OK,"59.34525640016775, 18.07562205645609",2291.6674357412926,POINT (18.07562205645609 59.34525640016775),POINT (674889.098308094 6582537.059196608)
1985,22681,99870,"59.34309579245283, 18.050173697761192",© Google,2023-03,59.34309213307116,18.05021644233135,dHfYfc9GR9I9aGCuHoX5cQ,OK,"59.34309213307116, 18.05021644233135",2297.3307912670525,POINT (18.05021644233135 59.34309213307116),POINT (673456.1574083115 6582229.74940354)
1986,22772,213536,"59.307907505660374, 18.092221199626866",© Google,2011-05,59.30796064201828,18.09248625054041,u87BC6HuZq26vv78aC42MQ,OK,"59.30796064201828, 18.09248625054041",2304.589706825741,POINT (18.09248625054041 59.30796064201828),POINT (676040.4516365188 6578431.273134678)
1987,22984,56250,"59.3302592490566, 18.02941384328358",© Google,2023-03,59.33015476495815,18.02990628912494,8buugoF_YW97khCtVZ3vYw,OK,"59.33015476495815, 18.02990628912494",2319.8119695089,POINT (18.02990628912494 59.33015476495815),POINT (672367.2518318428 6580737.315011514)
1988,23217,130130,"59.3455194754717, 18.062137003731344",© Google,2022-06,59.34558141622333,18.06207614429078,S6g9rVGtLRDGpSBacxV6Yw,OK,"59.34558141622333, 18.06207614429078",2336.964231396816,POINT (18.06207614429078 59.34558141622333),POINT (674117.5258281959 6582537.718293941)
1989,23254,102083,"59.34399345283019, 18.05122928358209",© Google,2023-04,59.34384151348132,18.05146063027933,v9V-RtOYUojwV36HgFoTEw,OK,"59.34384151348132, 18.05146063027933",2339.4681074947653,POINT (18.05146063027933 59.34384151348132),POINT (673523.0541335606 6582316.383402843)
1990,23303,179263,"59.30476569433962, 18.08131347947761",© Google,2022-06,59.30481330572951,18.08133109968335,E3UC1_0NYnDHoXieq322DQ,OK,"59.30481330572951, 18.08133109968335",2343.105484935901,POINT (18.08133109968335 59.30481330572951),POINT (675421.9484779614 6578051.606807792)
1991,23504,121243,"59.345339943396226, 18.058794315298506",© Google,2023-03,59.34546464391794,18.05911868383116,9Uc_ASPSTzvMlQCHIT-aQQ,OK,"59.34546464391794, 18.05911868383116",2359.987626857074,POINT (18.05911868383116 59.34546464391794),POINT (673950.0312486406 6582516.992165812)
1992,23569,57055,"59.31832036603774, 18.02976570522388",© Google,2022-08,59.31846600244393,18.02979250791929,JgUekJ9TWYOIGVrkrhu_Dg,OK,"59.31846600244393, 18.02979250791929",2365.127953982805,POINT (18.02979250791929 59.31846600244393),POINT (672419.995349482 6579436.277429844)
1993,23610,164365,"59.30386803396226, 18.075507757462688",© Google,2022-09,59.30390875459273,18.07558355398959,l7TrFcBiZn4XliEeco3B3g,OK,"59.30390875459273, 18.07558355398959",2369.1206955090547,POINT (18.07558355398959 59.30390875459273),POINT (675099.5387978113 6577935.824029194)
1994,23806,182907,"59.30467592830188, 18.082544996268656",© Google,2014-06,59.30463237808662,18.0826461068226,qn3d05o1cnOQBGt5fbz-7A,OK,"59.30463237808662, 18.0826461068226",2385.0943945176164,POINT (18.0826461068226 59.30463237808662),POINT (675497.7103360137 6578034.937974909)
1995,23896,187273,"59.30485546037736, 18.08395244402985",© Google,2014-06,59.30480389603179,18.08399786352451,LC9g8PpuCMk2shGupGV6Nw,OK,"59.30480389603179, 18.08399786352451",2392.711201885383,POINT (18.08399786352451 59.30480389603179),POINT (675573.7471496081 6578057.587167232)
1996,23964,197733,"59.305483822641506, 18.087119201492538",© Google,2014-06,59.30540939932572,18.08708627608015,6icExnawlOk0JTDseZGmGw,OK,"59.30540939932572, 18.08708627608015",2398.1898827510586,POINT (18.08708627608015 59.30540939932572),POINT (675746.3659337179 6578133.112800084)
1997,23986,150277,"59.34641713584906, 18.07005389738806",© Google,2022-06,59.34646735498423,18.0701890105322,dS_y4LO6pTYEF5M0lA1Nyg,OK,"59.34646735498423, 18.0701890105322",2399.111450314956,POINT (18.0701890105322 59.34646735498423),POINT (674574.0834655493 6582657.5531397555)
1998,23992,201686,"59.305753120754716, 18.088350718283582",© Google,2014-06,59.30572906600955,18.08842366686437,c51oGrq2qqn5m28MsX0O2w,OK,"59.30572906600955, 18.08842366686437",2399.4293641705467,POINT (18.08842366686437 59.30572906600955),POINT (675820.8172138038 6578172.214856503)
1999,24094,168032,"59.30368850188679, 18.07691520522388",© Google,2022-09,59.30369080212645,18.07699830462003,Ic1XdG9KZQJk6vqV4W3BKg,OK,"59.30369080212645, 18.07699830462003",2406.391487429468,POINT (18.07699830462003 59.30369080212645),POINT (675181.1675586845 6577915.291021527)
2000,24262,100249,"59.34435251698113, 18.050349628731343",© Google,2023-04,59.34452828558803,18.05090929132291,ISZP0H3UZDVKPrzy0V5jvA,OK,"59.34452828558803, 18.05090929132291",2422.006695194504,POINT (18.05090929132291 59.34452828558803),POINT (673488.2120939326 6582391.370909)
2001,24411,96534,"59.34399345283019, 18.04859031902985",© Google,2022-06,59.34405435111678,18.04853992944641,aUEKgRZQrWIcFQAbfMU-8g,OK,"59.34405435111678, 18.04853992944641",2437.1711532703216,POINT (18.04853992944641 59.34405435111678),POINT (673355.9570424261 6582332.458777681)
2002,24989,176784,"59.34668643396226, 18.080257893656718",© Google,2020-07,59.34656173742199,18.08099715707463,usMRwQ4mFy6vD65-xrjzeQ,OK,"59.34656173742199, 18.08099715707463",2498.6125234679134,POINT (18.08099715707463 59.34656173742199),POINT (675187.8752562185 6582696.44964833)
2003,25005,71126,"59.339505150943396, 18.036099220149254",© Google,2023-03,59.33960788093629,18.0361257970232,KM6JDIZNP9VHEKUJxh-0aA,OK,"59.33960788093629, 18.0361257970232",2499.822751822145,POINT (18.0361257970232 59.33960788093629),POINT (672672.9188874688 6581805.387979759)
2004,25007,99156,"59.344980879245284, 18.049821835820897",© Google,2022-06,59.34517454653859,18.05038144457918,qrFpXgSDYmEBhjnxfvtNMw,OK,"59.34517454653859, 18.05038144457918",2499.9073091307628,POINT (18.05038144457918 59.34517454653859),POINT (673454.9131903091 6582461.911817703)
2005,25086,72967,"59.340223279245286, 18.036978875",© Google,2023-03,59.34024591790648,18.03703904519806,TLuE8DObCH33-j-Jo5Nl6g,OK,"59.34024591790648, 18.03703904519806",2508.488111909282,POINT (18.03703904519806 59.34024591790648),POINT (672721.5940302891 6581878.758611709)
2006,25145,143943,"59.347314796226414, 18.067590863805968",© Google,2022-06,59.34749994171917,18.06768470856594,VqXH_PZpmmbMwLUG38NDSg,OK,"59.34749994171917, 18.06768470856594",2515.4710679682917,POINT (18.06768470856594 59.34749994171917),POINT (674426.4540688499 6582765.894567345)
2007,25377,94674,"59.344891113207545, 18.047710664179103",© Google,2022-06,59.34489086027939,18.04762715752347,-2zVMHDjVAC0BRl5kv_jyQ,OK,"59.34489086027939, 18.04762715752347",2543.8549981873684,POINT (18.04762715752347 59.34489086027939),POINT (673299.8120845424 6582423.169681077)
2008,25752,51217,"59.33456801886793, 18.02730267164179",© Google,2022-06,59.33448588903956,18.02811464510644,t45IF1B0Fes1izvrTeuTYQ,OK,"59.33448588903956, 18.02811464510644",2577.438450453812,POINT (18.02811464510644 59.33448588903956),POINT (672243.4427098096 6581214.652903545)
2009,25823,49489,"59.31715340754717, 18.026598947761194",© Google,2022-08,59.31712954243497,18.02663557731843,Mo166-_LJ1647mBEZEBfnA,OK,"59.31712954243497, 18.02663557731843",2583.2094809005916,POINT (18.02663557731843 59.31712954243497),POINT (672247.1831301941 6579279.3840575665)
2010,25892,63294,"59.3385177245283, 18.032404669776117",© Google,2023-03,59.33867720877937,18.03266876345004,cq7UzIej1myW68rn7fzDaQ,OK,"59.33867720877937, 18.03266876345004",2589.240280443432,POINT (18.03266876345004 59.33867720877937),POINT (672481.1158600303 6581692.860031704)
2011,26054,117508,"59.34767386037736, 18.057386867537314",© Google,2023-03,59.34751258872537,18.05764006865701,GNDKFGwr1GGu98A03uqQLw,OK,"59.34751258872537, 18.05764006865701",2601.9626118056476,POINT (18.05764006865701 59.34751258872537),POINT (673855.5190101401 6582741.025529024)
2012,26197,41477,"59.3264890754717, 18.022904397388057",© Google,2011-06,59.32617111718459,18.02349898598057,B5hl6geDacrGWPybX4S8_g,OK,"59.32617111718459, 18.02349898598057",2614.308878170295,POINT (18.02349898598057 59.32617111718459),POINT (672023.0510544919 6580277.437437804)
2013,26488,173699,"59.348122690566036, 18.07902637686567",© Google,2023-04,59.34813655914951,18.07889590818131,zsO-xwjAb0J3OObp02PSEw,OK,"59.34813655914951, 18.07889590818131",2641.0148462582847,POINT (18.07889590818131 59.34813655914951),POINT (675060.3427802724 6582866.166844964)
2014,26725,113355,"59.34785339245283, 18.05580348880597",© Google,2022-06,59.34795246227488,18.05660309102263,co50WQjkZpbOEq9g52-vow,OK,"59.34795246227488, 18.05660309102263",2664.8226437176927,POINT (18.05660309102263 59.34795246227488),POINT (673794.3353764153 6582787.267076256)
2015,26727,68974,"59.34174930188679, 18.035043634328357",© Google,2023-03,59.34160077492646,18.03575971777512,nT4Kgv6bm57ijNBiL2YN5A,OK,"59.34160077492646, 18.03575971777512",2665.1820736014415,POINT (18.03575971777512 59.34160077492646),POINT (672641.9909861902 6582026.210594599)
2016,26738,178756,"59.30189318113207, 18.081137548507463",© Google,2023-05,59.30173201652665,18.08084969113666,lw2Jx5u4tm2eeYoRQZ_A6g,OK,"59.30173201652665, 18.08084969113666",2666.5118643109276,POINT (18.08084969113666 59.30173201652665),POINT (675410.4233026186 6577707.456987997)
2017,26760,162843,"59.34875105283019, 18.07480403358209",© Google,2011-07,59.34872072700287,18.07490412527323,bne6aj86_4bmMZxUD1Azww,OK,"59.34872072700287, 18.07490412527323",2668.423196849734,POINT (18.07490412527323 59.34872072700287),POINT (674830.4780021445 6582920.681985268)
2018,27031,42244,"59.33016948301887, 18.023256259328356",© Google,2023-03,59.33017770590229,18.02319043600084,taNyXOtlwVRf6Wk_f39gcw,OK,"59.33017770590229, 18.02319043600084",2692.191573162763,POINT (18.02319043600084 59.33017770590229),POINT (671985.2504792438 6580722.501025422)
2019,27305,153043,"59.3492896490566, 18.071109483208954",© Google,2022-09,59.34925781989135,18.07120475873263,gftphSA32NgNfOjFATyK9w,OK,"59.34925781989135, 18.07120475873263",2711.5468209415594,POINT (18.07120475873263 59.34925781989135),POINT (674617.4804519977 6582970.739512783)
2020,27323,156260,"59.34919988301887, 18.072341",© Google,2022-10,59.34923352021259,18.07260795135393,JvONsrXIXqqCu8zdlRHRQQ,OK,"59.34923352021259, 18.07260795135393",2713.118712884859,POINT (18.07260795135393 59.34923352021259),POINT (674697.348980999 6582971.717113275)
2021,27391,219450,"59.3039578, 18.09415644029851",© Google,2022-05,59.30406332221549,18.0941029911307,9lj4FcFTEvB0mLe0w_Xy4g,OK,"59.30406332221549, 18.0941029911307",2718.9930635815663,POINT (18.0941029911307 59.30406332221549),POINT (676152.6007342315 6578001.8617923)
2022,27517,59102,"59.31051072075471, 18.030645360074626",© Google,2023-03,59.31055691689211,18.03057964345484,xXgXUnBtH7tMrqpzQSyTBA,OK,"59.31055691689211, 18.03057964345484",2727.8912129080904,POINT (18.03057964345484 59.31055691689211),POINT (672504.8422911639 6578558.182194599)
2023,27545,147163,"59.34946918113208, 18.068822380597016",© Google,2022-10,59.34944401947715,18.06890617583215,6-p5ybCMF25KGITccHMu9A,OK,"59.34944401947715, 18.06890617583215",2730.365622923535,POINT (18.06890617583215 59.34944401947715),POINT (674485.895822652 6582985.432450288)
2024,27550,44930,"59.333939656603775, 18.0244877761194",© Google,2023-04,59.33392271675011,18.02472729468171,mnvUcBZVEJSnKyew2Mmtqw,OK,"59.33392271675011, 18.02472729468171",2730.618423161532,POINT (18.02472729468171 59.33392271675011),POINT (672053.6998823467 6581143.22359108)
2025,27884,90344,"59.3467762, 18.045599492537313",© Google,2023-03,59.34656882234119,18.04587747920273,0E2hbEPji3ZPuVQx1uwW7w,OK,"59.34656882234119, 18.04587747920273",2755.605705633555,POINT (18.04587747920273 59.34656882234119),POINT (673191.8163181467 6582605.3413957115)
2026,28424,94703,"59.347494328301885, 18.047710664179103",© Google,2022-06,59.34764103467646,18.04830691897836,8-nIOwQXipmKvhiGPln9JQ,OK,"59.34764103467646, 18.04830691897836",2798.7307293992617,POINT (18.04830691897836 59.34764103467646),POINT (673324.4280552808 6582730.981221599)
2027,28620,218346,"59.302970373584905, 18.09380457835821",© Google,2022-09,59.30295099959095,18.09375318600789,ineq-3rKmWTRHNxWnzkwUg,OK,"59.30295099959095, 18.09375318600789",2815.817600167218,POINT (18.09375318600789 59.30295099959095),POINT (676138.4476260575 6577877.159503417)
2028,28851,89996,"59.34722503018868, 18.045423561567162",© Google,2022-06,59.34724039346595,18.04547680981237,qd9QTqPhBNlMPzcWEAOCcw,OK,"59.34724039346595, 18.04547680981237",2832.1336048871726,POINT (18.04547680981237 59.34724039346595),POINT (673165.6236374761 6582679.032165806)
2029,28942,160437,"59.35018730943396, 18.073924378731345",© Google,2022-09,59.35031231985653,18.07388448908463,hEAosPY3WhHjY2ent6CR7g,OK,"59.35031231985653, 18.07388448908463",2838.7027119641425,POINT (18.07388448908463 59.35031231985653),POINT (674764.3487446104 6583095.11633911)
2030,29036,124127,"59.35000777735849, 18.059849901119403",© Google,2022-06,59.35000545894199,18.05983602678367,10i5DMcK0u3ScQTGyHDpTA,OK,"59.35000545894199, 18.05983602678367",2844.852495039132,POINT (18.05983602678367 59.35000545894199),POINT (673967.56575613 6583024.170081517)
2031,29076,46143,"59.33744053207547, 18.02501556902985",© Google,2022-06,59.33739771418917,18.0256594936743,deNjsyALKSG8Df2naQuxhA,OK,"59.33739771418917, 18.0256594936743",2848.4784985432566,POINT (18.0256594936743 59.33739771418917),POINT (672089.120056855 6581532.337090246)
2032,29210,72766,"59.305304290566035, 18.036978875",© Google,2022-08,59.30530614539943,18.03704228273166,NIkUQv7k7dWGZnz9AESUfA,OK,"59.30530614539943, 18.03704228273166",2858.0085182756884,POINT (18.03704228273166 59.30530614539943),POINT (672899.1985069818 6577990.62989315)
2033,29470,42688,"59.33636333962264, 18.023432190298507",© Google,2022-06,59.33630114249713,18.02399963266863,csbQTTau0PRvjSYZvaseNg,OK,"59.33630114249713, 18.02399963266863",2875.5390983495417,POINT (18.02399963266863 59.33630114249713),POINT (672000.3001357161 6581406.019167814)
2034,29516,69840,"59.305663354716984, 18.035571427238807",© Google,2022-08,59.30566349906072,18.03564493112119,fsnCeFEFw1r3gXCHCpc05w,OK,"59.30566349906072, 18.03564493112119",2880.080801510288,POINT (18.03564493112119 59.30566349906072),POINT (672817.8693447135 6578026.769651076)
2035,29609,143519,"59.350815671698115, 18.06741493283582",© Google,2023-04,59.35084028026444,18.06758383769915,UaX46rHPlN3csrubboivNg,OK,"59.35084028026444, 18.06758383769915",2887.5515600120716,POINT (18.06758383769915 59.35084028026444),POINT (674403.5839749519 6583137.342901483)
2036,30055,45587,"59.31194697735849, 18.0248396380597",© Google,2022-08,59.31198651501647,18.02481198812954,2faEJW3rgzQuT1taODnHVg,OK,"59.31198651501647, 18.02481198812954",2917.9765471603314,POINT (18.02481198812954 59.31198651501647),POINT (672169.4563918388 6578702.344006437)
2037,30145,66917,"59.305483822641506, 18.03416397947761",© Google,2023-03,59.30575286025081,18.03433986219436,_RCoWCEPWqE99p-kmIu_Rg,OK,"59.30575286025081, 18.03433986219436",2922.857610904223,POINT (18.03433986219436 59.30575286025081),POINT (672743.152384867 6578033.328007163)
2038,30162,214550,"59.30189318113207, 18.092573061567165",© Google,2022-09,59.30157349123333,18.09274615503162,_PE5rLJFHkp7UkP1PRR_fg,OK,"59.30157349123333, 18.09274615503162",2923.69895419129,POINT (18.09274615503162 59.30157349123333),POINT (676088.2621108775 6577721.21006259)
2039,30385,53132,"59.30889493207547, 18.028182326492537",© Google,2023-03,59.30894880341135,18.02835008902524,0MXEGaKYTE8rQL0IduIQ_g,OK,"59.30894880341135, 18.02835008902524",2936.741897163254,POINT (18.02835008902524 59.30894880341135),POINT (672386.1309372907 6578373.4558475455)
2040,30410,183322,"59.350546373584905, 18.082544996268656",© Google,2023-04,59.35040086083846,18.08283237105698,udMN7bbyKzjG-tzb_lBUrA,OK,"59.35040086083846, 18.08283237105698",2938.698122436984,POINT (18.08283237105698 59.35040086083846),POINT (675272.3845008307 6583128.495193932)
2041,30432,150788,"59.35135426792453, 18.070229828358208",© Google,2022-09,59.351321585802,18.07030829396695,81pkIbgVRptq5ixyKqduEg,OK,"59.351321585802, 18.07030829396695",2939.9093724885875,POINT (18.07030829396695 59.351321585802),POINT (674555.9367108388 6583198.043743822)
2042,30816,41569,"59.336901935849056, 18.022904397388057",© Google,2022-06,59.3369025928931,18.02291892938664,Db7tvsaGhQvjiKr7wmCmcA,OK,"59.3369025928931, 18.02291892938664",2960.437520026037,POINT (18.02291892938664 59.3369025928931),POINT (671935.8185092593 6581470.158296455)
2043,30915,219275,"59.348391988679246, 18.093980509328357",© Google,2022-09,59.34822262599433,18.09460609668116,xkNmhu3AW89nA4eMoaTGQQ,OK,"59.34822262599433, 18.09460609668116",2965.645838779435,POINT (18.09460609668116 59.34822262599433),POINT (675952.7333118981 6582917.16441663)
2044,31059,39944,"59.31329346792453, 18.022200673507463",© Google,2022-08,59.31320765541945,18.0224552378333,FrceSyXAraW3hRtWsD8t7g,OK,"59.31320765541945, 18.0224552378333",2973.0736141474063,POINT (18.0224552378333 59.31320765541945),POINT (672029.2016933965 6578832.143918351)
2045,31334,41398,"59.3122162754717, 18.022904397388057",© Google,2014-06,59.31198057659525,18.02337400447141,tunFYvWEinVgHwE7yQcY5w,OK,"59.31198057659525, 18.02337400447141",2989.7481281089413,POINT (18.02337400447141 59.31198057659525),POINT (672087.6741586223 6578697.96633891)
2046,31412,167584,"59.29839230566038, 18.076739274253733",© Google,2022-11,59.29832293519915,18.07687963380796,wIEdm88APJKKFL5p6Otj3A,OK,"59.29832293519915, 18.07687963380796",2995.4931774192955,POINT (18.07687963380796 59.29832293519915),POINT (675202.0233426476 6577317.648697728)
2047,31560,79901,"59.347494328301885, 18.040321563432837",© Google,2023-04,59.34751230531809,18.04044179370279,09d_YDzYx1_mDGbO-T3QTA,OK,"59.34751230531809, 18.04044179370279",3005.565527820872,POINT (18.04044179370279 59.34751230531809),POINT (672878.0795280358 6582696.204161307)
2048,31619,209058,"59.3492896490566, 18.090637820895523",© Google,2022-08,59.34951549131861,18.09129493958556,d87XPpBKkhYZ26Th8TPzOQ,OK,"59.34951549131861, 18.09129493958556",3009.4637414892622,POINT (18.09129493958556 59.34951549131861),POINT (675757.8715919844 6583052.285383364)
2049,31900,29801,"59.32756626792453, 18.01551529664179",© Google,2022-06,59.3275789081291,18.01645183633189,OZUoSRWyBYQ2sJHGpcMxIQ,OK,"59.3275789081291, 18.01645183633189",3026.188065377579,POINT (18.01645183633189 59.3275789081291),POINT (671615.1785096999 6580415.914096613)
2050,31979,218867,"59.30081598867925, 18.093980509328357",© Google,2022-09,59.30081987806921,18.09401388312351,kNwSGb5FVSJjMeTVyHMeiQ,OK,"59.30081987806921, 18.09401388312351",3031.4469020048514,POINT (18.09401388312351 59.30081987806921),POINT (676164.3054422843 6577640.702029187)
2051,32003,38640,"59.31257533962264, 18.021496949626865",© Google,2022-08,59.31252089144204,18.02194801829102,3IPs-eBf1Kob-TeqTwS5fw,OK,"59.31252089144204, 18.02194801829102",3033.180002022943,POINT (18.02194801829102 59.31252089144204),POINT (672003.8147084798 6578754.409439556)
2052,32051,37464,"59.31311393584905, 18.020793225746267",© Google,2023-06,59.31339679855721,18.02104598874212,xs8YJfiL8LGjvi1DdQEQjw,OK,"59.31339679855721, 18.02104598874212",3036.37353818324,POINT (18.02104598874212 59.31339679855721),POINT (671948.0717641907 6578849.552455173)
2053,32060,204881,"59.300008094339624, 18.08940630410448",© Google,2022-10,59.29972417885436,18.08964636794985,707V5KTyU51OiMIPvqzU9A,OK,"59.29972417885436, 18.08964636794985",3037.048774948604,POINT (18.08964636794985 59.29972417885436),POINT (675921.406115552 6577507.230173859)
2054,32079,88974,"59.34919988301887, 18.044895768656716",© Google,2023-03,59.34919626789088,18.04495617722779,W7ilR3CQhREahb0G7eq2SA,OK,"59.34919626789088, 18.04495617722779",3038.511794778441,POINT (18.04495617722779 59.34919626789088),POINT (673126.0736284632 6582895.329717464)
2055,32117,59895,"59.30593265283019, 18.030997222014925",© Google,2023-03,59.30597795599288,18.03093590195361,0jeopYZPhS6_CabTX3jCQA,OK,"59.30597795599288, 18.03093590195361",3040.923438376769,POINT (18.03093590195361 59.30597795599288),POINT (672548.3131330044 6578049.552623054)
2056,32141,36515,"59.336453105660375, 18.02008950186567",© Google,2014-06,59.33623791634835,18.02068648618915,dw4ChveZOFe5Z10yzakzeg,OK,"59.33623791634835, 18.02068648618915",3043.0825822806946,POINT (18.02068648618915 59.33623791634835),POINT (671812.2568753496 6581390.428493487)
2057,32344,116158,"59.35162356603774, 18.056859074626864",© Google,2022-09,59.35164655605469,18.05692173551358,4-X5XbeE1RUgvd0DVDgzlQ,OK,"59.35164655605469, 18.05692173551358",3058.5880665490035,POINT (18.05692173551358 59.35164655605469),POINT (673793.5584104173 6583199.1795156365)
2058,32350,205286,"59.350097543396224, 18.08940630410448",© Google,2022-08,59.3503062511069,18.08992029278496,rbsBfPSLPG-dD06cNkm7AA,OK,"59.3503062511069, 18.08992029278496",3059.048020649696,POINT (18.08992029278496 59.3503062511069),POINT (675675.6649473906 6583136.651482039)
2059,32473,32053,"59.33196480377359, 18.017098675373134",© Google,2022-06,59.33207486281027,18.01731457225436,zDV0Ibsd9gIqWe15US40bQ,OK,"59.33207486281027, 18.01731457225436",3067.4119619638363,POINT (18.01731457225436 59.33207486281027),POINT (671641.5571471583 6580918.457727878)
2060,32547,34339,"59.33447825283019, 18.018682054104477",© Google,2022-06,59.3345703874193,18.01877628966768,bT-s9RbEZKX_4U8w7c6e7Q,OK,"59.3345703874193, 18.01877628966768",3072.7488221469675,POINT (18.01877628966768 59.3345703874193),POINT (671712.0736560443 6581199.934257716)
2061,32603,149435,"59.35216216226415, 18.06970203544776",© Google,2023-03,59.35255115081281,18.06976519520857,Vdan0JTK156aFAjI7VTk_g,OK,"59.35255115081281, 18.06976519520857",3076.4725247413876,POINT (18.06976519520857 59.35255115081281),POINT (674518.761339285 6583333.445514054)
2062,32793,29098,"59.32963088679245, 18.01498750373134",© Google,2011-06,59.32925491384714,18.01576069830726,6-EVRLt3svWvRCAFO1b3ew,OK,"59.32925491384714, 18.01576069830726",3088.80714012496,POINT (18.01576069830726 59.32925491384714),POINT (671567.4235708077 6580600.642600721)
2063,32807,217655,"59.34964871320755, 18.09345271641791",© Google,2011-07,59.3496834886536,18.09384828556153,2p0za3n0icmcwc8B3hPWmA,OK,"59.3496834886536, 18.09384828556153",3089.2906139787983,POINT (18.09384828556153 59.3496834886536),POINT (675902.1069082838 6583077.724357294)
2064,33162,36250,"59.33744053207547, 18.019913570895522",© Google,2022-06,59.3373487338321,18.02045218993534,PSZbmHEXHfXraaa2lY_MZg,OK,"59.3373487338321, 18.02045218993534",3108.2305932544637,POINT (18.02045218993534 59.3373487338321),POINT (671793.3257659348 6581513.43800143)
2065,33417,39921,"59.31051072075471, 18.022200673507463",© Google,2022-08,59.31071693195735,18.02216188086431,dZg3LKjqiTNxU6bNAVZ_eQ,OK,"59.31071693195735, 18.02216188086431",3119.489906039396,POINT (18.02216188086431 59.31071693195735),POINT (672025.0963106054 6578554.2141317325)
2066,33739,51846,"59.3064712490566, 18.027654533582087",© Google,2022-08,59.30650025611916,18.02771098776363,YCA6IwhTkhKgQZGoYl15lA,OK,"59.30650025611916, 18.02771098776363",3137.2172937007463,POINT (18.02771098776363 59.30650025611916),POINT (672362.1601883713 6578099.323919763)
2067,33786,92911,"59.350636139622644, 18.046831009328358",© Google,2014-06,59.35074629921795,18.04720354123952,ve5f38FZGoWZIx_OJlOBcw,OK,"59.35074629921795, 18.04720354123952",3139.5542178379205,POINT (18.04720354123952 59.35074629921795),POINT (673245.8939012181 6583073.665667478)
2068,33909,143079,"59.35305982264151, 18.067239001865673",© Google,2022-09,59.35316279007943,18.0672185777769,aF5zCV0ZrF-XRDxDBJTg-w,OK,"59.35316279007943, 18.0672185777769",3146.871724760304,POINT (18.0672185777769 59.35316279007943),POINT (674370.9127795881 6583394.834828376)
2069,33921,52549,"59.34408321886792, 18.02783046455224",© Google,2023-04,59.34383642080993,18.02824804089691,DrNRE5ujhDeUvIEh1jVivw,OK,"59.34383642080993, 18.02824804089691",3147.6294233860217,POINT (18.02824804089691 59.34383642080993),POINT (672203.6755008125 6582255.541658041)
2070,34098,40624,"59.30961306037736, 18.022552535447762",© Google,2022-08,59.30976257260173,18.02250437489506,PLSqQWcN1WKr3bC4SFxENw,OK,"59.30976257260173, 18.02250437489506",3158.3349132411035,POINT (18.02250437489506 59.30976257260173),POINT (672049.4051069347 6578448.896183152)
2071,34208,77762,"59.34884081886793, 18.03926597761194",© Google,2014-07,59.3489379926143,18.03958045568142,-WA35sVgAnEHipvvFVqwCA,OK,"59.3489379926143, 18.03958045568142",3165.6229478715036,POINT (18.03958045568142 59.3489379926143),POINT (672821.8788669291 6582852.61996117)
2072,34478,197546,"59.35207239622642, 18.086943270522386",© Google,2023-03,59.35207438171176,18.08687567548011,5vP0fuz6Bxr_hUXGTIo_8Q,OK,"59.35207438171176, 18.08687567548011",3183.449747910057,POINT (18.08687567548011 59.35207438171176),POINT (675493.5170046199 6583325.376124471)
2073,34511,141683,"59.29632768679245, 18.066887139925374",© Google,2023-07,59.29637101552461,18.06682238056737,tp7hHGRCsH-Z5jHQyHJQ_Q,OK,"59.29637101552461, 18.06682238056737",3185.392642973699,POINT (18.06682238056737 59.29637101552461),POINT (674639.617284749 6577074.027264196)
2074,34637,138513,"59.353418886792454, 18.06547969216418",© Google,2018-05,59.35355369718062,18.06573388315939,aZb9kVdnlZ_t8KSp9LvvmQ,OK,"59.35355369718062, 18.06573388315939",3194.723385016313,POINT (18.06573388315939 59.35355369718062),POINT (674284.5424582914 6583434.446675271)
2075,34880,49005,"59.3062019509434, 18.026423016791043",© Google,2022-08,59.30624195995351,18.02648215571453,sD_Vj8TkdffiPcxBhM_Z2A,OK,"59.30624195995351, 18.02648215571453",3209.0522099887226,POINT (18.02648215571453 59.30624195995351),POINT (672293.5429836193 6578067.400636765)
2076,35509,158613,"59.29596862264151, 18.073396585820895",© Google,2022-10,59.2959359846004,18.07348488004966,pp45RYj7azoaZZmtmJxvEw,OK,"59.2959359846004, 18.07348488004966",3239.1376194994673,POINT (18.07348488004966 59.2959359846004),POINT (675021.0728764068 6577043.1060026)
2077,36005,26847,"59.33205456981132, 18.013404124999997",© Google,2022-10,59.33228474393957,18.01388516091,dksnrEhqGBbNdm3lzQ79JA,OK,"59.33228474393957, 18.01388516091",3262.134761906233,POINT (18.01388516091 59.33228474393957),POINT (671445.5019410477 6580932.977915572)
2078,36015,122278,"59.353598418867925, 18.059146177238805",© Google,2022-09,59.35376819621953,18.05931133152692,K8GpGhyOlCwJzCOkNJOe5w,OK,"59.35376819621953, 18.05931133152692",3262.4271344113317,POINT (18.05931133152692 59.35376819621953),POINT (673918.4949192075 6583441.517768977)
2079,36019,172383,"59.29596862264151, 18.078674514925375",© Google,2022-10,59.29603824110389,18.07867565411701,uRp88dTD4y1jS7NNiG9acA,OK,"59.29603824110389, 18.07867565411701",3262.6720293555277,POINT (18.07867565411701 59.29603824110389),POINT (675316.0016346739 6577068.136778649)
2080,36269,51720,"59.345070645283016, 18.02747860261194",© Google,2022-10,59.34507437363547,18.02745793064781,1HuBQ9Z0cj_a1d9YXYD1oA,OK,"59.34507437363547, 18.02745793064781",3274.0788823165467,POINT (18.02745793064781 59.34507437363547),POINT (672152.4975938696 6582391.259820555)
2081,36453,63004,"59.347494328301885, 18.03222873880597",© Google,2023-07,59.34750492242383,18.03228196576158,uSFDw5w8m3iNsaS2G2Dk6w,OK,"59.34750492242383, 18.03228196576158",3282.2870569140196,POINT (18.03228196576158 59.34750492242383),POINT (672414.3614487589 6582674.220184014)
2082,36782,209092,"59.35234169433962, 18.090637820895523",© Google,2022-08,59.3524201584925,18.09089246471677,cee1qtvTIEVpw0r-Adft3g,OK,"59.3524201584925, 18.09089246471677",3298.0069526364323,POINT (18.09089246471677 59.3524201584925),POINT (675719.9835686686 6583374.450606002)
2083,36809,124173,"59.35413701509434, 18.059849901119403",© Google,2023-04,59.3541958871865,18.0603666182787,44mABdwoOnPdkx_KlVfU7g,OK,"59.3541958871865, 18.0603666182787",3299.5030695923156,POINT (18.0603666182787 59.3541958871865),POINT (673976.2702203902 6583491.869083329)
2084,36992,91119,"59.35234169433962, 18.045951354477612",© Google,2022-09,59.35217786469477,18.04616769632674,SleTQnBb1T2MXl3WZ7OaDw,OK,"59.35217786469477, 18.04616769632674",3309.2862486884237,POINT (18.04616769632674 59.35217786469477),POINT (673179.735207468 6583230.276320928)
2085,37004,219314,"59.35189286415095, 18.093980509328357",© Google,2011-07,59.35171526390764,18.09455153884138,gdgHkq4pgfKXY0HCv4BJvQ,OK,"59.35171526390764, 18.09455153884138",3309.9885272562083,POINT (18.09455153884138 59.35171526390764),POINT (675931.5563200461 6583305.676008492)
2086,37021,86579,"59.35162356603774, 18.04366425186567",© Google,2022-06,59.35162255790465,18.04374544099153,bl-LHmS_rcNKGYv2j1F53A,OK,"59.35162255790465, 18.04374544099153",3310.9789018506735,POINT (18.04374544099153 59.35162255790465),POINT (673044.9151044154 6583162.181827535)
2087,37131,197643,"59.29650721886792, 18.087119201492538",© Google,2023-07,59.29658854578069,18.0871315180196,XoY5V_YX7obgqifts0MDaA,OK,"59.29658854578069, 18.0871315180196",3316.2289945527323,POINT (18.0871315180196 59.29658854578069),POINT (675794.4604501394 6577151.662093635)
2088,37395,54272,"59.34686596603774, 18.028534188432836",© Google,2023-04,59.3465945059085,18.02899618269524,FCeakcwskD2WcNV0yx066A,OK,"59.3465945059085, 18.02899618269524",3331.3631656833627,POINT (18.02899618269524 59.3465945059085),POINT (672232.2287096129 6582564.401812651)
2089,37467,23085,"59.32675837358491, 18.01094109141791",© Google,2022-06,59.32693947816142,18.01089013101534,LXSAtWOtXoRuam5DPJZHfg,OK,"59.32693947816142, 18.01089013101534",3335.9679307091815,POINT (18.01089013101534 59.32693947816142),POINT (671302.11511284 6580330.434951896)
2090,37657,69057,"59.34919988301887, 18.035043634328357",© Google,2023-04,59.34931865524003,18.03494984366532,xCKzVPTQygRluprW5HfBQQ,OK,"59.34931865524003, 18.03494984366532",3348.4822037618605,POINT (18.03494984366532 59.34931865524003),POINT (672556.7817322828 6582882.968016356)
2091,37982,98513,"59.353598418867925, 18.049469973880598",© Google,2022-09,59.35349894387056,18.04980710978697,OaYxGHFEYcYVz84qjWkbXg,OK,"59.35349894387056, 18.04980710978697",3370.832810924936,POINT (18.04980710978697 59.35349894387056),POINT (673379.8094556159 6583386.761230106)
2092,38095,25966,"59.31553761886792, 18.01287633208955",© Google,2022-08,59.31551934401001,18.01296163485538,AOGzqVzTNFzbk_B5Ad9H3g,OK,"59.31551934401001, 18.01296163485538",3378.095246944908,POINT (18.01296163485538 59.31551934401001),POINT (671477.4487520249 6579064.90752083)
2093,38267,54701,"59.34713526415094, 18.028710119402984",© Google,2023-04,59.34740480951935,18.0291710381205,j99laSAucbp1coUtgdhiVg,OK,"59.34740480951935, 18.0291710381205",3390.573118569666,POINT (18.0291710381205 59.34740480951935),POINT (672238.0617348978 6582655.026272725)
2094,38423,117124,"59.3550346754717, 18.057210936567163",© Google,2022-08,59.35485952243117,18.05746495935658,cm4J6cF5hxhxr_G1WxGYPA,OK,"59.35485952243117, 18.05746495935658",3401.521193907428,POINT (18.05746495935658 59.35485952243117),POINT (673807.9978332041 6583558.138375067)
2095,38493,21442,"59.32945135471698, 18.009885505597016",© Google,2011-06,59.32945564416029,18.01016986912567,orIPjUsuXvAzt_NEyOGAZA,OK,"59.32945564416029, 18.01016986912567",3406.7878505543513,POINT (18.01016986912567 59.32945564416029),POINT (671248.4900707386 6580608.587413855)
2096,38656,47454,"59.303419203773586, 18.02571929291045",© Google,2022-07,59.30384017411382,18.02575136492801,nUB4kB5zg2a3ZpQryQK_lw,OK,"59.30384017411382, 18.02575136492801",3418.973484628664,POINT (18.02575136492801 59.30384017411382),POINT (672264.1069792656 6577798.236018731)
2097,38891,163359,"59.294263067924526, 18.07515589552239",© Google,2022-06,59.2942392455363,18.0752063284005,ryvSyqzL1Jja5S2ZGrLFwg,OK,"59.2942392455363, 18.0752063284005",3435.8048694815707,POINT (18.0752063284005 59.2942392455363),POINT (675127.7781644135 6576858.819651789)
2098,38922,204869,"59.29560955849057, 18.08940630410448",© Google,2022-10,59.29592107950214,18.08993569745336,gwsj_-djRhyUw794h4gNrQ,OK,"59.29592107950214, 18.08993569745336",3438.2367689645257,POINT (18.08993569745336 59.29592107950214),POINT (675957.5157179809 6577084.79248508)
2099,39043,174158,"59.294442599999996, 18.07937823880597",© Google,2022-10,59.2944086906273,18.0792604488327,BL0I-ZApimJV-xIxGmt8jA,OK,"59.2944086906273, 18.0792604488327",3447.208584389285,POINT (18.0792604488327 59.2944086906273),POINT (675357.6749223834 6576888.342008978)
2100,39166,21164,"59.330887611320755, 18.009709574626864",© Google,2022-09,59.33085633940551,18.00975765825018,QlzOoKLZ-ZMMeVw6WfayTQ,OK,"59.33085633940551, 18.00975765825018",3456.2845180848417,POINT (18.00975765825018 59.33085633940551),POINT (671218.0005645598 6580763.400235605)
2101,39298,43115,"59.345429709433965, 18.023608121268655",© Google,2022-10,59.34548203458156,18.02364723753321,GKJR6ylrMUSZu_HpxE3Iiw,OK,"59.34548203458156, 18.02364723753321",3465.0810170250734,POINT (18.02364723753321 59.34548203458156),POINT (671933.8427331744 6582426.776937054)
2102,39365,82101,"59.35261099245283, 18.04137714925373",© Google,2022-06,59.3526420742099,18.04150814583244,j0aDI-w5uhDNkRjwCCNQ9w,OK,"59.3526420742099, 18.04150814583244",3469.5920589522225,POINT (18.04150814583244 59.3526420742099),POINT (672912.5902490562 6583269.82097743)
2103,39427,32911,"59.3077279735849, 18.017802399253732",© Google,2022-08,59.30809293697211,18.01800947307543,EqXJAbKEFxw8440jzoCpcQ,OK,"59.30809293697211, 18.01800947307543",3474.21924515127,POINT (18.01800947307543 59.30809293697211),POINT (671802.0800893006 6578251.49202751)
2104,39452,68356,"59.35117473584906, 18.034691772388058",© Google,2022-10,59.35091650291437,18.03552874289818,hK9pbNQd_i7YBSQoEse8lw,OK,"59.35091650291437, 18.03552874289818",3476.0481890324463,POINT (18.03552874289818 59.35091650291437),POINT (672581.5691740451 6583062.279721068)
2105,39566,76716,"59.35216216226415, 18.038738184701494",© Google,2022-04,59.35211199415706,18.03906003162005,G9g28UMt8dFTNrEifE9lHg,OK,"59.35211199415706, 18.03906003162005",3483.973557274472,POINT (18.03906003162005 59.35211199415706),POINT (672776.1697389075 6583204.476200464)
2106,39650,123246,"59.355932335849054, 18.059498039179104",© Google,2023-04,59.35588755214598,18.0597254589276,UHFB5VwOoaQgqrVO18r9Mw,OK,"59.35588755214598, 18.0597254589276",3491.339417318743,POINT (18.0597254589276 59.35588755214598),POINT (673931.1809302411 6583678.442626403)
2107,39708,28713,"59.33896655471698, 18.014635641791045",© Google,2011-06,59.3390145123626,18.01449133991781,Uh631nh_vz51hl6yZCq5Pw,OK,"59.3390145123626, 18.01449133991781",3494.6311655573836,POINT (18.01449133991781 59.3390145123626),POINT (671446.045553509 6581683.443745684)
2108,39809,48909,"59.347584094339624, 18.026247085820895",© Google,2022-10,59.34754134841966,18.02660337638165,pwO6LoOZFG3PCG5UYb9kcg,OK,"59.34754134841966, 18.02660337638165",3501.7334145933783,POINT (18.02660337638165 59.34754134841966),POINT (672091.4391564297 6582663.579975678)
2109,39878,18518,"59.3299899509434, 18.00812619589552",© Google,2022-06,59.32995447799174,18.00855837348442,p6O9faApA7WUA8VikiSN3Q,OK,"59.32995447799174, 18.00855837348442",3505.953945986646,POINT (18.00855837348442 59.32995447799174),POINT (671154.3431371655 6580659.955307346)
2110,40013,17293,"59.32406539245283, 18.007422472014923",© Google,2022-08,59.3240254985496,18.00762134499512,E1OHtI90k-BAOGhc8vkCaw,OK,"59.3240254985496, 18.00762134499512",3516.2001574863425,POINT (18.00762134499512 59.3240254985496),POINT (671130.8761160942 6579997.754581356)
2111,40027,209176,"59.29516072830189, 18.09081375186567",© Google,2022-10,59.29539420614294,18.09115574211024,9TpEoBNo_NXi7fUTiaPC6g,OK,"59.29539420614294, 18.09115574211024",3517.4007964936873,POINT (18.09115574211024 59.29539420614294),POINT (676029.6816552955 6577029.386855499)
2112,40049,203197,"59.35476537735849, 18.08870258022388",© Google,2022-08,59.35486396825416,18.08913773800114,K91Ta-G7OuHhuq2FF1x6TA,OK,"59.35486396825416, 18.08913773800114",3518.9710719531136,POINT (18.08913773800114 59.35486396825416),POINT (675607.6458164969 6583641.764189147)
2113,40056,170136,"59.29372447169811, 18.077794860074626",© Google,2011-05,59.29367322794509,18.07823919320615,Clbch8SCbPohrnGQzF7Ueg,OK,"59.29367322794509, 18.07823919320615",3519.227335759121,POINT (18.07823919320615 59.29367322794509),POINT (675303.3274255164 6576803.812338385)
2114,40149,56441,"59.34955894716981, 18.02941384328358",© Google,2010-04,59.34930404265574,18.02985204792038,IjQoV5mzdDC37NkSd-KuoA,OK,"59.34930404265574, 18.02985204792038",3524.750813875608,POINT (18.02985204792038 59.34930404265574),POINT (672267.1426412201 6582868.138553004)
2115,40372,178214,"59.29372447169811, 18.080961617537312",© Google,2011-06,59.29373613369907,18.08113091322247,Z5n2gFvFkksvTTN6ZDVyFA,OK,"59.29373613369907, 18.08113091322247",3539.7767081291886,POINT (18.08113091322247 59.29373613369907),POINT (675467.6086740517 6576818.426906808)
2116,40403,17037,"59.328104864150944, 18.007246541044776",© Google,2022-06,59.32844923181155,18.00751614184984,3z9lWuNeaDMEFlSp4Fp2BQ,OK,"59.32844923181155, 18.00751614184984",3542.189865234536,POINT (18.00751614184984 59.32844923181155),POINT (671102.6472421325 6580489.768831507)
2117,40429,50141,"59.30162388301887, 18.026950809701493",© Google,2023-03,59.30157140053148,18.0271158352545,_6dnIKXUoUPDCToJnmxXKA,OK,"59.30157140053148, 18.0271158352545",3544.243754830025,POINT (18.0271158352545 59.30157140053148),POINT (672353.2357952518 6577549.293896058)
2118,40469,197618,"59.294263067924526, 18.087119201492538",© Google,2022-10,59.29442431187915,18.08718610416974,0KUoSBNY8gxvafilobK7zA,OK,"59.29442431187915, 18.08718610416974",3547.4756812006704,POINT (18.08718610416974 59.29442431187915),POINT (675808.735485146 6576910.973928114)
2119,40513,127038,"59.356470932075474, 18.0609054869403",© Google,2023-07,59.35651508719854,18.06089088838239,VcWMk9C1G1rRub1BUE_L9g,OK,"59.35651508719854, 18.06089088838239",3550.7942090704596,POINT (18.06089088838239 59.35651508719854),POINT (673994.1871704509 6583751.320833994)
2120,40727,22659,"59.3360042754717, 18.01058922947761",© Google,2023-05,59.33599725742074,18.01054822673558,9cjw2LAJtRTBJ7a-TjODug,OK,"59.33599725742074, 18.01054822673558",3567.1138968391747,POINT (18.01054822673558 59.33599725742074),POINT (671237.074205491 6581337.5280237915)
2121,40792,202151,"59.294532366037735, 18.08852664925373",© Google,2022-10,59.2944300729564,18.08867150259004,7gRnbdn0hZA1MQm5D4BKUQ,OK,"59.2944300729564, 18.08867150259004",3572.0068324334957,POINT (18.08867150259004 59.2944300729564),POINT (675893.2568143348 6576915.536796151)
2122,40874,38899,"59.3039578, 18.021672880597013",© Google,2022-07,59.30399693746586,18.02170987142982,xPxZnUiK6SMDRL1__ofYIg,OK,"59.30399693746586, 18.02170987142982",3578.2213762035376,POINT (18.02170987142982 59.30399693746586),POINT (672033.3243993316 6577805.234279351)
2123,40900,28762,"59.308356335849055, 18.014811572761193",© Google,2022-08,59.30851922714135,18.01530189595501,d9AxL1Aphw8aCWxLeovrPQ,OK,"59.30851922714135, 18.01530189595501",3580.4458128760907,POINT (18.01530189595501 59.30851922714135),POINT (671645.8689714633 6578291.948745595)
2124,41145,19160,"59.33492708301887, 18.00847805783582",© Google,2022-06,59.33497609607547,18.00925091657184,H2mqUm095vp1-zeqNbjAoA,OK,"59.33497609607547, 18.00925091657184",3599.596929752352,POINT (18.00925091657184 59.33497609607547),POINT (671168.4555995286 6581220.554532495)
2125,41234,181738,"59.29327564150943, 18.082193134328357",© Google,2017-07,59.29326707984725,18.08241059291539,qqX-fp3IkngQwPtEf1Njhg,OK,"59.29326707984725, 18.08241059291539",3605.4225053124537,POINT (18.08241059291539 59.29326707984725),POINT (675542.8682713092 6576769.603241073)
2126,41416,15058,"59.328553694339625, 18.00601502425373",© Google,2022-06,59.32875418774519,18.00622406570896,zH5oLdzC1o1OLtLmFzy1Cw,OK,"59.32875418774519, 18.00622406570896",3619.125898987396,POINT (18.00622406570896 59.32875418774519),POINT (671027.6383343315 6580520.385531174)
2127,41451,114373,"59.35674023018868, 18.05615535074627",© Google,2023-04,59.35674219001582,18.05614590575405,mSdZRHM_LSm5q1XyzcU-9g,OK,"59.35674219001582, 18.05614590575405",3622.129124509671,POINT (18.05614590575405 59.35674219001582),POINT (673723.4241909023 6583764.199212188)
2128,41740,15075,"59.33007971698113, 18.00601502425373",© Google,2011-06,59.33011223573243,18.00608260453462,ZPereOVCR5nib0K1JdHZtQ,OK,"59.33011223573243, 18.00608260453462",3647.890413782329,POINT (18.00608260453462 59.33011223573243),POINT (671012.7678215911 6580671.1494626105)
2129,41752,22126,"59.33824842641509, 18.01023736753731",© Google,2022-06,59.33819724305955,18.01073043764059,m_yb43P9nrbAX0enhrFm3Q,OK,"59.33819724305955, 18.01073043764059",3649.427250808221,POINT (18.01073043764059 59.33819724305955),POINT (671236.3574881653 6581582.816799248)
2130,42001,45841,"59.34884081886793, 18.0248396380597",© Google,2011-07,59.34895847120869,18.0251001511041,xhYj4hk8XtigzG4Y-g8mPw,OK,"59.34895847120869, 18.0251001511041",3674.992941684164,POINT (18.0251001511041 59.34895847120869),POINT (671998.8349532677 6582817.395186161)
2131,42197,78182,"59.35431654716981, 18.039441908582088",© Google,2022-09,59.35442243706949,18.03954535934231,ofpSUgShc3Od9h39hpBb3w,OK,"59.35442243706949, 18.03954535934231",3697.039393102352,POINT (18.03954535934231 59.35442243706949),POINT (672792.0034723955 6583462.845268546)
2132,42243,19871,"59.31320370188679, 18.009005850746266",© Google,2022-08,59.31298856731233,18.00870488465944,4TDfMJd8peMAS2X2DM19Vg,OK,"59.31298856731233, 18.00870488465944",3701.183465228557,POINT (18.00870488465944 59.31298856731233),POINT (671248.0200172137 6578772.322951585)
2133,42655,13898,"59.316884109433964, 18.005311300373133",© Google,2022-08,59.31709966006895,18.00548586832029,K0r55F71I92IwXZUqebl2A,OK,"59.31709966006895, 18.00548586832029",3739.9907577353174,POINT (18.00548586832029 59.31709966006895),POINT (671044.2252082144 6579221.542548058)
2134,42781,22140,"59.339505150943396, 18.01023736753731",© Google,2022-09,59.33979373594678,18.01021127623098,t1dVRqF6F5itig11G08K5Q,OK,"59.33979373594678, 18.01021127623098",3751.4016540489215,POINT (18.01021127623098 59.33979373594678),POINT (671198.8065209049 6581759.143565181)
2135,42800,196443,"59.35736859245283, 18.08659140858209",© Google,2023-04,59.35744161514597,18.08668571301227,n9zyWKPdOo1Zg7N8WDkTaA,OK,"59.35744161514597, 18.08668571301227",3753.0772879675656,POINT (18.08668571301227 59.35744161514597),POINT (675455.0131329721 6583922.13589494)
2136,43019,15237,"59.31455019245283, 18.00619095522388",© Google,2022-08,59.31456111613385,18.00625176021892,kuyMJ0hA4UqWDncm50q5qA,OK,"59.31456111613385, 18.00625176021892",3774.5078342673455,POINT (18.00625176021892 59.31456111613385),POINT (671100.5522240875 6578941.014414547)
2137,43249,68750,"59.35413701509434, 18.03486770335821",© Google,2023-04,59.35410189077929,18.03482665035731,TAro4Akr7i1yoxIBt2xSug,OK,"59.35410189077929, 18.03482665035731",3797.106622248947,POINT (18.03482665035731 59.35410189077929),POINT (672525.5021566019 6583414.9347456675)
2138,43393,11152,"59.316614811320754, 18.00337605970149",© Google,2022-08,59.31727985628719,18.00411872923136,1hhQ4gkN0_VSCOqlOEIMAg,OK,"59.31727985628719, 18.00411872923136",3811.176048979507,POINT (18.00411872923136 59.31727985628719),POINT (670965.5495626121 6579238.084445488)
2139,43461,205370,"59.35763789056604, 18.08940630410448",© Google,2023-04,59.35764395994834,18.08939824258884,BzBJeOOEM2C4uQ5BefFDUw,OK,"59.35764395994834, 18.08939824258884",3818.06568635397,POINT (18.08939824258884 59.35764395994834),POINT (675608.0827560781 6583951.805959913)
2140,43513,18915,"59.339325618867925, 18.008302126865672",© Google,2011-06,59.33954598200488,18.00857786079594,0Z6ir9w0wjUQ08UASvTv6w,OK,"59.33954598200488, 18.00857786079594",3823.236860639456,POINT (18.00857786079594 59.33954598200488),POINT (671107.1973029466 6581727.373614122)
2141,43570,196452,"59.35817648679245, 18.08659140858209",© Google,2023-04,59.35815777727054,18.08668555754674,xINNoSPmuWErft3pmK6aBQ,OK,"59.35815777727054, 18.08668555754674",3830.1074554526385,POINT (18.08668555754674 59.35815777727054),POINT (675451.3068756462 6584001.829344552)
2142,43632,9294,"59.32586071320755, 18.00161675",© Google,2022-08,59.32560405832214,18.00198168380162,TuN6Fc_ATs8i4zvA2zK4yA,OK,"59.32560405832214, 18.00198168380162",3836.457565959148,POINT (18.00198168380162 59.32560405832214),POINT (670802.2022772592 6580158.94048702)
2143,43640,64218,"59.353777950943396, 18.032756531716416",© Google,2023-04,59.35382312933446,18.03262651996531,JQZtK0G7yJXGB5v5sLTUrQ,OK,"59.35382312933446, 18.03262651996531",3837.310052378417,POINT (18.03262651996531 59.35382312933446),POINT (672401.8980203606 6583378.213356282)
2144,43693,45470,"59.350815671698115, 18.02466370708955",© Google,2022-10,59.35093506303979,18.02495729488358,cyYcgVV-pwEMEB_0akXunQ,OK,"59.35093506303979, 18.02495729488358",3843.5998142855574,POINT (18.02495729488358 59.35093506303979),POINT (671980.7163659661 6583036.985290152)
2145,43785,23272,"59.30727914339622, 18.01111702238806",© Google,2023-07,59.30725662817979,18.01119570974623,xYB8scVju4z9NRwGtbqx1w,OK,"59.30725662817979, 18.01119570974623",3853.371256995873,POINT (18.01119570974623 59.30725662817979),POINT (671418.5835651478 6578140.867853537)
2146,43797,9274,"59.32406539245283, 18.00161675",© Google,2022-08,59.32403623513056,18.00167803916493,jcACwQsBZ1FwcQMnV8U0NQ,OK,"59.32403623513056, 18.00167803916493",3854.413746852683,POINT (18.00167803916493 59.32403623513056),POINT (670792.8022057228 6579983.689732314)
2147,43873,16286,"59.33833819245283, 18.00671874813433",© Google,2023-03,59.33831932350094,18.00675139285626,PyFX4qlJ0r2GW8pRt3fb4g,OK,"59.33831932350094, 18.00675139285626",3862.845877194763,POINT (18.00675139285626 59.33831932350094),POINT (671009.5339164671 6581586.174762688)
2148,43914,58606,"59.353418886792454, 18.030293498134327",© Google,2022-10,59.35342282632111,18.03053691426464,U0ysqfxfTDAvdSh_JPAnAA,OK,"59.35342282632111, 18.03053691426464",3866.682832805896,POINT (18.03053691426464 59.35342282632111),POINT (672285.1882145009 6583328.256731533)
2149,43976,42417,"59.350546373584905, 18.023256259328356",© Google,2011-07,59.35063341240467,18.02347619443089,dD0MzgyHIIkRViSLPTgaKA,OK,"59.35063341240467, 18.02347619443089",3874.642980313553,POINT (18.02347619443089 59.35063341240467),POINT (671898.0729079674 6582999.591371512)
2150,44058,10626,"59.33358059245283, 18.002848266791045",© Google,2023-04,59.33350836184654,18.00323811335229,WbKqGc7naLAMprtVkwvkYg,OK,"59.33350836184654, 18.00323811335229",3883.034832182742,POINT (18.00323811335229 59.33350836184654),POINT (670833.9642505941 6581041.777711299)
2151,44181,64603,"59.35422678113208, 18.032932462686567",© Google,2022-10,59.35454735374336,18.03293898746529,5tNdTNsiEElixUHEYOJcLg,OK,"59.35454735374336, 18.03293898746529",3895.7172982836128,POINT (18.03293898746529 59.35454735374336),POINT (672415.9797517438 6583459.615617665)
2152,44186,199930,"59.35862531698113, 18.087646994402984",© Google,2023-04,59.35862265226496,18.08775359889601,49zCsRE2MjMVwVdJ18CXpw,OK,"59.35862265226496, 18.08775359889601",3896.06046439763,POINT (18.08775359889601 59.35862265226496),POINT (675509.5865899153 6584056.375980154)
2153,44236,36294,"59.34919988301887, 18.019913570895522",© Google,2022-10,59.34918353949879,18.01991186348515,FCQSc1l27oFEXC4eV3MmkQ,OK,"59.34918353949879, 18.01991186348515",3900.6371005831743,POINT (18.01991186348515 59.34918353949879),POINT (671702.837909565 6582829.047357539)
2154,44373,8842,"59.33007971698113, 18.00108895708955",© Google,2022-06,59.33007805494134,18.00127775229075,2udrbGjCvjx16I4IkJAaDA,OK,"59.33007805494134, 18.00127775229075",3917.666061951754,POINT (18.00127775229075 59.33007805494134),POINT (670739.7166353092 6580655.01450929)
2155,44566,9891,"59.33483731698113, 18.002144542910447",© Google,2022-06,59.3348272590365,18.00277591771408,OM83nHX4ynPRoyfIAv200Q,OK,"59.3348272590365, 18.00277591771408",3946.943934550779,POINT (18.00277591771408 59.3348272590365),POINT (670801.0622083882 6581187.362642402)
2156,44639,203784,"59.359074147169814, 18.08887851119403",© Google,2023-04,59.35904334025372,18.08892712637046,4-nAY0VEuUGPazUMdU3iVQ,OK,"59.35904334025372, 18.08892712637046",3959.4827719009545,POINT (18.08892712637046 59.35904334025372),POINT (675574.0859121138 6584106.284707285)
2157,44731,9723,"59.33546567924528, 18.0019686119403",© Google,2022-06,59.33556059008906,18.00263683353824,CxfE9h35rbm4a7qvsXQLMw,OK,"59.33556059008906, 18.00263683353824",3978.045499070714,POINT (18.00263683353824 59.33556059008906),POINT (670789.4723828968 6581268.613101317)
2158,44733,186030,"59.29013383018868, 18.083600582089552",© Google,2022-06,59.28997608055033,18.08362986578636,_3uVB4YQFUTfD_E4iV7Z6g,OK,"59.28997608055033, 18.08362986578636",3978.4970780262206,POINT (18.08362986578636 59.28997608055033),POINT (675629.2358939394 6576406.600148418)
2159,44859,13277,"59.339325618867925, 18.004783507462687",© Google,2022-06,59.33931813226874,18.00478815983594,ado_-0lpN-wMZ_C3-Czdqg,OK,"59.33931813226874, 18.00478815983594",4009.2754692033823,POINT (18.00478815983594 59.33931813226874),POINT (670892.9050611423 6581692.283933941)
2160,45187,27465,"59.30162388301887, 18.013931917910448",© Google,2014-06,59.30164029835297,18.01385370257849,BWcV6xdztUgTS6PORs8IAA,OK,"59.30164029835297, 18.01385370257849",4089.7735739509103,POINT (18.01385370257849 59.30164029835297),POINT (671598.1243119396 6577522.715802852)
2161,45393,7040,"59.33196480377359, 17.997746268656716",© Google,2022-06,59.3321942606765,17.99769163795854,1gKfEJ9INu9stLrCgwtIlg,OK,"59.3321942606765, 17.99769163795854",4158.946306230855,POINT (17.99769163795854 59.3321942606765),POINT (670525.1880555303 6580881.321995521)
2162,45406,7112,"59.33295223018868, 17.997922199626863",© Google,2022-06,59.33290619620332,17.99791840950681,TmNKo1DNhQYo0McUfRvZWQ,OK,"59.33290619620332, 17.99791840950681",4162.436412731251,POINT (17.99791840950681 59.33290619620332),POINT (670534.5135149264 6580961.129262803)
2163,45409,6787,"59.330438781132074, 17.99686661380597",© Google,2022-06,59.33044368099974,17.99703043330888,ONwuZ4r0F4s45sWWOJLoDw,OK,"59.33044368099974, 17.99703043330888",4162.797761565554,POINT (17.99703043330888 59.33044368099974),POINT (670496.3644356704 6580684.818612091)
2164,45646,6884,"59.33331129433962, 17.99721847574627",© Google,2023-08,59.33345265193199,17.99714128655513,dYt8262bfw1tpmygOu0Scg,OK,"59.33345265193199, 17.99714128655513",4218.907177212985,POINT (17.99714128655513 59.33345265193199),POINT (670487.58810576 6581019.950389579)
2165,45779,7373,"59.336901935849056, 17.998449992537314",© Google,2022-06,59.33707172135805,17.99829870092267,u9qDj9w4e0_UYAzNGQ19Ag,OK,"59.33707172135805, 17.99829870092267",4264.700294794795,POINT (17.99829870092267 59.33707172135805),POINT (670535.251866066 6581425.656268368)
2166,45787,21559,"59.30162388301887, 18.010061436567163",© Google,2023-03,59.30140939895784,18.01023971303183,UVZPRjye_ekR0vCOMucOKw,OK,"59.30140939895784, 18.01023971303183",4266.621521437116,POINT (18.01023971303183 59.30140939895784),POINT (671393.6092182792 6577487.714948599)
2167,45964,11798,"59.30503499245283, 18.003903852611938",© Google,2022-07,59.30513960591717,18.00395228762128,ypyQlt-uomJNyhhNnDPccA,OK,"59.30513960591717, 18.00395228762128",4328.563646473025,POINT (18.00395228762128 59.30513960591717),POINT (671017.0489625048 6577886.658434201)
2168,46002,19508,"59.30126481886792, 18.00882991977612",© Google,2023-03,59.301280970825,18.0088138285885,g10eeVZSS40lNVIqLBqvkw,OK,"59.301280970825, 18.0088138285885",4339.667416491793,POINT (18.0088138285885 59.301280970825),POINT (671313.1055271376 6577469.754644094)
2169,46267,16582,"59.30117505283019, 18.007070610074624",© Google,2023-03,59.30114770550185,18.00712080334889,SPvsfRqVw9jCXPJFLQWMTA,OK,"59.30114770550185, 18.00712080334889",4425.5450488692995,POINT (18.00712080334889 59.30114770550185),POINT (671217.4218978602 6577450.570979753)
2170,46355,4917,"59.31903849433962, 17.99194054664179",© Google,2022-06,59.31935275579769,17.99194263588758,mHGYq0-0ovDmEWLTVPMweA,OK,"59.31935275579769, 17.99194263588758",4451.349471484397,POINT (17.99194263588758 59.31935275579769),POINT (670262.5370100753 6579437.565851357)
2171,46419,8773,"59.30485546037736, 18.00108895708955",© Google,2023-03,59.3049128383452,18.00129871926882,RiOs_dfvnyyr485yhiR8lw,OK,"59.3049128383452, 18.00129871926882",4471.822282036334,POINT (18.00129871926882 59.3049128383452),POINT (670867.1834844295 6577854.612148811)
2172,46495,3711,"59.32577094716981, 17.990005305970147",© Google,2022-06,59.32583802597039,17.99036018022668,ndLljJ7w9zPtSrb7fCnzKA,OK,"59.32583802597039, 17.99036018022668",4498.481543012561,POINT (17.99036018022668 59.32583802597039),POINT (670140.0984041217 6580155.223734974)
2173,46643,3223,"59.32460398867924, 17.98930158208955",© Google,2022-06,59.3246500552884,17.98933705273562,2gLnR195Exifmet_3jreAw,OK,"59.3246500552884, 17.98933705273562",4555.797853778513,POINT (17.98933705273562 59.3246500552884),POINT (670087.8494355701 6580020.408327023)
2174,46676,3010,"59.325411883018866, 17.988949720149254",© Google,2022-06,59.32547921526532,17.98913386071282,SCAwcyrnZDPhx08F0OLytA,OK,"59.32547921526532, 17.98913386071282",4567.600700363997,POINT (17.98913386071282 59.32547921526532),POINT (670072.149177877 6580112.161134783)
2175,46712,2975,"59.32119287924528, 17.988949720149254",© Google,2022-08,59.32120280455695,17.9891251642416,e7c9oan8OeiavQhUSGyKvg,OK,"59.32120280455695, 17.9891251642416",4586.871084484002,POINT (17.9891251642416 59.32120280455695),POINT (670093.0270868174 6579636.245050716)
2176,46782,2638,"59.319397558490564, 17.988245996268656",© Google,2022-08,59.31960834401931,17.98890154201577,OmI88_TShbukCe__CFrmBg,OK,"59.31960834401931, 17.98890154201577",4619.105108718639,POINT (17.98890154201577 59.31960834401931),POINT (670088.2755337581 6579458.236773347)
2177,46879,2850,"59.333490826415094, 17.988597858208955",© Google,2022-10,59.33351288662196,17.98864649307846,EznEP5jQSTSHQJoLoYZMqQ,OK,"59.33351288662196, 17.98864649307846",4692.710666450651,POINT (17.98864649307846 59.33351288662196),POINT (670004.2850349082 6581004.932127535)
2178,46979,2282,"59.333670358490565, 17.986134824626863",© Google,2022-10,59.33373237750592,17.98616651290634,DDGUbmugzqFdkNF7wzlFDw,OK,"59.33373237750592, 17.98616651290634",4835.893874160753,POINT (17.98616651290634 59.33373237750592),POINT (669862.18075462 6581023.028166464)
2179,47046,1341,"59.330438781132074, 17.983143998134327",© Google,2022-10,59.33046163528424,17.98386645985668,mVjXQaoZpULxGRlIb44ZoQ,OK,"59.33046163528424, 17.98386645985668",4905.507248640112,POINT (17.98386645985668 59.33046163528424),POINT (669747.7227110345 6580653.181615056)
2180,47077,1647,"59.33268293207547, 17.983847722014925",© Google,2023-08,59.33295210782807,17.9840286936093,r06N7DAIQ38t-lwq2P5FpA,OK,"59.33295210782807, 17.9840286936093",4938.726332862751,POINT (17.9840286936093 59.33295210782807),POINT (669744.5212915082 6580930.744568026)
2181,47302,113,"59.33241363396226, 17.979449447761194",© Google,2022-10,59.33278239204142,17.97958855847661,_5Zv0-wglwweO54zg3reYA,OK,"59.33278239204142, 17.97958855847661",5184.31216544409,POINT (17.97958855847661 59.33278239204142),POINT (669492.9020661728 6580900.546335367)
2182,47379,286076,"59.31033118867924, 18.160482416044776",© Google,2023-03,59.31030679478217,18.16041407041407,m1ykO745HUtv1ySnfOo3cA,OK,"59.31030679478217, 18.16041407041407",5435.409282438185,POINT (18.16041407041407 59.31030679478217),POINT (679893.0018536637 6578873.877153471)
2183,47500,286534,"59.31069025283019, 18.16206579477612",© Google,2022-08,59.31065342845008,18.1624928915138,ybp6lrJ02jLI89fNkzfSLQ,OK,"59.31065342845008, 18.1624928915138",5537.210584455069,POINT (18.1624928915138 59.31065342845008),POINT (680009.4395432249 6578918.0663059335)
2184,47628,286841,"59.3087154, 18.162945449626868",© Google,2023-03,59.30864403446529,18.16304558600751,g3wem2MIog-pJrW8CFbsNg,OK,"59.30864403446529, 18.16304558600751",5635.5686761465695,POINT (18.16304558600751 59.30864403446529),POINT (680051.5092488793 6578695.965951645)
